NAME,NSECode,Industry
SANSERA ENGINEERING LIMITED,SANSERA,AUTO ANCILLARIES
CARBORUNDUM UNIVERSAL LTD.,CARBORUNIV,Abrasives And Grinding Wheels
WELCAST STEELS LTD.,ZWELCAST,Abrasives And Grinding Wheels
WENDT (INDIA) LTD.,WENDT,Abrasives And Grinding Wheels
ORIENT ABRASIVES LTD.,ORIENTABRA,Abrasives And Grinding Wheels
GRINDWELL NORTON LTD.,GRINDWELL,Abrasives And Grinding Wheels
CYBER MEDIA RESEARCH & SERVICES LIMITED,CMRSL,Advertising & Media Agencies
CRAYONS ADVERTISING LIMITED,CRAYONS,Advertising & Media Agencies
Ideaforge Technology Ltd,IDEAFORGE,Aerospace & Defense
DCX SYSTEMS LIMITED,DCXINDIA,Aerospace & Defense
KRISHNA DEFENCE AND ALLIED INDUSTRIES LIMITED,KRISHNADEF,Aerospace & Defense
BLUE STAR LTD.,BLUESTARCO,Air-conditioners
JOHNSON CONTROLS-HITACHI AIR CONDITIONING INDIA LTD,JCHAC,Air-conditioners
VOLTAS LTD.,VOLTAS,Air-conditioners
MAAN ALUMINIUM LTD.,MAANALU,Aluminium and Aluminium Products
HIND ALUMINIUM INDUSTRIES LTD.,HINDALUMI,Aluminium and Aluminium Products
PG FOILS LTD.,PGFOILQ,Aluminium and Aluminium Products
NATIONAL ALUMINIUM CO.LTD.,NATIONALUM,Aluminium and Aluminium Products
MMP INDUSTRIES,MMP,Aluminium and Aluminium Products
APEX FROZEN FOODS LTD,APEX,Aquaculture
SURYO FOODS & INDUSTRIES LTD.,SURFI,Aquaculture
WATERBASE LTD.,WATERBASE,Aquaculture
Landmark Cars Ltd,LANDMARK,Auto -Dealer
SUPRAJIT ENGINEERING LTD.,SUPRAJIT,Auto Ancillaries
PRECISION CAMSHAFTS LTD,PRECAM,Auto Ancillaries
BANCO PRODUCTS (INDIA) LTD.,BANCOINDIA,Auto Ancillaries
ENKEI WHEELS (INDIA) LTD.,ENKEIWHEL,Auto Ancillaries
JAMNA AUTO INDUSTRIES LTD.,JAMNAAUTO,Auto Ancillaries
TALBROS AUTOMOTIVE COMPONENTS LTD.,TALBROAUTO,Auto Ancillaries
CRAFTSMAN AUTOMATION LTD,CRAFTSMAN,Auto Ancillaries
ENDURANCE TECHNOLOGIES LTD,ENDURANCE,Auto Ancillaries
DUNCAN ENGINEERING LTD,DUNCANENG,Auto Ancillaries
GABRIEL INDIA LTD.,GABRIEL,Auto Ancillaries
JTEKT INDIA LTD,JTEKTINDIA,Auto Ancillaries
ALICON CASTALLOY LIMITED,ALICON,Auto Ancillaries
SUNDARAM BRAKE LININGS LTD.,SUNDRMBRAK,Auto Ancillaries
SINTERCOM INDIA,SINTERCOM,Auto Ancillaries
SUBROS LTD.,SUBROS,Auto Ancillaries
ROLEX RINGS LTD,ROLEXRINGS,Auto Ancillaries
INDIA MOTOR PARTS & ACCESSORIES LTD.,IMPAL,Auto Ancillaries
INDIA NIPPON ELECTRICALS LTD.,INDNIPPON,Auto Ancillaries
IGARASHI MOTORS INDIA LTD.,IGARASHI,Auto Ancillaries
RANE BRAKE LINING LTD.,RBL,Auto Ancillaries
SAMKRG PISTONS & RINGS LTD.,SAMKRG,Auto Ancillaries
AUTO PINS (INDIA) LTD.,AUTOPINS,Auto Ancillaries
HINDUSTAN HARDY LTD,HINDHARD,Auto Ancillaries
SAR AUTO PRODUCTS LTD,SAPL,Auto Ancillaries
AUTOMOBILE CORPORATION OF GOA LTD.,ACGL,Auto Ancillaries
AUTOMOTIVE AXLES LTD.,AUTOAXLES,Auto Ancillaries
AUTOMOTIVE STAMPINGS & ASSEMBLIES LTD.,ASAL,Auto Ancillaries
SHANTHI GEARS LTD.,SHANTIGEAR,Auto Ancillaries
SHARDA MOTOR INDUSTRIES LTD,SHARDAMOTR,Auto Ancillaries
SHRIRAM PISTONS,SHRIPISTON,Auto Ancillaries
SIBAR AUTO PARTS LTD.,SIBARAUT,Auto Ancillaries
G N A AXLES LTD,GNA,Auto Ancillaries
JAGAN LAMPS LTD.,JAGANLAM,Auto Ancillaries
PRICOL LTD,PRICOLLTD,Auto Ancillaries
AMARA RAJA ENERGY & MOBILITY LIMITED,ARE&M,Auto Ancillaries
FRONTIER SPRINGS LTD.,FRONTSP,Auto Ancillaries
ATAM VALVES LTD,ATAM,Auto Ancillaries
MUNJAL SHOWA LTD.,MUNJALSHOW,Auto Ancillaries
L.G.BALAKRISHNAN & BROS.LTD.,LGBBROSLTD,Auto Ancillaries
URAVI T AND WEDGE LAMPS LIMITED,URAVI,Auto Ancillaries
MINDA INDUSTRIES LTD.,MINDAIND,Auto Ancillaries
KINETIC ENGINEERING LTD.,KINETICENG,Auto Ancillaries
Z.F.STEERING GEAR (INDIA) LTD.,ZFSTEERING,Auto Ancillaries
ULTRA WIRING,UWCSL,Auto Ancillaries
FIEM INDUSTRIES LTD.,FIEMIND,Auto Ancillaries
VARROC ENGINEERING LTD,VARROC,Auto Ancillaries
MENON PISTONS LTD.,MENNPIS,Auto Ancillaries
EXIDE INDUSTRIES LTD.,EXIDEIND,Auto Ancillaries
FEDERAL-MOGUL GOETZE (INDIA) LTD.,FMGOETZE,Auto Ancillaries
BOSCH LTD.,BOSCHLTD,Auto Ancillaries
LUMAX INDUSTRIES LTD.,LUMAXIND,Auto Ancillaries
WABCO INDIA LTD.,WABCOINDIA,Auto Ancillaries
NDR AUTO COMPONENTS LTD,NDRAUTO,Auto Ancillaries
MINDA CORPORATION LTD,MINDACORP,Auto Ancillaries
Motherson Sumi Wiring India Ltd,MSUMI,Auto Components & Equipments
PRECISION METALIKS LIMITED,PRECISION,Auto Components & Equipments
UNO Minda Limited,UNOMINDA,Auto Components & Equipments
ASK Automotive Ltd,ASKAUTOLTD,Auto Components & Equipments
Divgi Torqtransfer Systems Ltd,DIVGIITTS,Auto Components & Equipments
S.J.S. Enterprises Ltd,SJS,Auto Parts & Equipment - Sticker
SML ISUZU LIMITED,SMLISUZU,Automobiles - LCVs / HCVs
EICHER MOTORS LTD.,EICHERMOT,Automobiles - Motorcycles / Mopeds
HERO MOTOCORP LTD.,HEROMOTOCO,Automobiles - Motorcycles / Mopeds
MARUTI SUZUKI INDIA LTD.,MARUTI,Automobiles - Passenger Cars
HINDUSTAN MOTORS LTD.,HINDMOTORS,Automobiles - Passenger Cars
BAJAJ AUTO LTD.,BAJAJ-AUTO,Automobiles - Scooters And 3 - Wheelers
SCOOTERS INDIA LTD.,SCOOTER,Automobiles - Scooters And 3 - Wheelers
V.S.T.TILLERS TRACTORS LTD.,VSTTILLERS,Automobiles - Tractors
ESCORTS LTD.,ESCORTS,Automobiles - Tractors
KANDARP DIGI SMART BPO LIMITED,KANDARP,BPO/KPO
Equippp Social Impact Technologies Limited,EQUIPPP,Base Material
ABM International Limited,ABMINTLLTD,Base Material
Somi Conveyor Beltings Limited,SOMICONVEY,Basic Materials
Antarctica Limited,ANTGRAPHIC,Basic Materials
Aether Industries Limited,AETHER,Basic Materials
Supreme Petrochem Limited,SPLPETRO,Basic Materials
Grand Foundry Limited,GFSTEELS,Basic Materials
NRB BEARINGS LTD.,NRBBEARING,Bearings
SCHAEFFLER INDIA LTD,SCHAEFFLER,Bearings
SKF INDIA LTD,SKFINDIA,Bearings
GALAXY BEARINGS LTD.,GALXBRG,Bearings
SNL BEARINGS LTD.,SNL,Bearings
TIMKEN INDIA LTD.,TIMKEN,Bearings
MENON BEARINGS LTD.,MENONBE,Bearings
AUSTIN ENGINEERING CO.LTD.,AUSTENG,Bearings
BIMETAL BEARINGS LTD.,BIMETAL,Bearings
SHANTI OVERSEAS (INDIA) LIMITED,SHANTI,CONSUMER FOOD
DYNAMIC CABLES LTD,DYCL,Cables - Power
FINOLEX CABLES LTD.,FINCABLES,Cables - Power
JIGAR CABLES LTD,JIGAR,Cables - Power
POLYCAB INDIA LTD,POLYCAB,Cables - Power
PARAMOUNT COMMUNICATIONS LTD.,PARACABLES,Cables - Power
RELICAB CABLE MANUFACTURING LTD,RELICAB,Cables - Power
ULTRACAB (INDIA) LTD,ULTRACAB,Cables - Power
B.C. POWER CONTROLS LTD,BCP,Cables - Power
KEI INDUSTRIES LTD.,KEI,Cables - Power
Plaza Wires Ltd,PLAZACABLE,Cables-Electricals
R R Kabel Ltd,RRKABLE,Cables-Electricals
Debock Industries Limited,DIL,Capital Goods
Jainam Ferro Alloys (I) Limited,JAINAM,Capital Goods
BEW Engineering Limited,BEWLTD,Capital Goods
MAHINDRA CIE AUTOMOTIVE LIMITED,MAHINDCIE,Castings & Forgings
DCM LTD.,DCM,Castings & Forgings
M.M.FORGINGS LTD.,MMFL,Castings & Forgings
TIRUPATI FORGE,TIRUPATIFL,Castings & Forgings
BHARAT FORGE LTD.,BHARATFORG,Castings & Forgings
CREATIVE CASTINGS LTD,CREATIVE,Castings & Forgings
PORWAL AUTO COMPONENTS LTD.,PORWAL,Castings & Forgings
GANGA FORGING,GANGAFORGE,Castings & Forgings
SMITHS & FOUNDERS (INDIA) LIMITED,SMFIL,Castings & Forgings
CAPTAIN TECHNOCAST LTD,CTCL,Castings & Forgings
LGB FORGE LTD.,LGBFORGE,Castings & Forgings
RAJKUMAR FORGE LTD.,RJKMRFR,Castings & Forgings
NITIN CASTINGS LTD,NITINCAST,Castings & Forgings
PTC INDUSTRIES LTD,PTCIL,Castings & Forgings
UNI ABEX ALLOY PRODUCTS LTD.,UNIABEXAL,Castings & Forgings
SONA BLW PRECISION FORGINGS LTD,SONACOMS,Castings & Forgings
BHAGWATI AUTOCAST LTD.,BGWTATO,Castings & Forgings
AIA ENGINEERING LTD.,AIAENG,Castings & Forgings
STEELCAST LTD.,STEELCAS,Castings & Forgings
MAGNA ELECTRO CASTINGS LTD.,MAGNAELQ,Castings & Forgings
NATIONAL FITTINGS LIMITED,NATFIT,Castings & Forgings
SAURASHTRA CEMENT LTD.,SAURASHCEM,Cement - North India
J.K.CEMENT LTD.,JKCEMENT,Cement - North India
SHREE DIGVIJAY CEMENT CO.LTD.,SHREDIGCEM,Cement - North India
HEIDELBERGCEMENT INDIA LTD.,HEIDELBERG,Cement - North India
AMBUJA CEMENTS LTD.,AMBUJACEM,Cement - North India
STAR CEMENT LTD,STARCEMENT,Cement - North India
SHREE CEMENT LTD.,SHREECEM,Cement - North India
ACC LTD.,ACC,Cement - North India
GUJARAT SIDHEE CEMENT LTD.,GSCLCEMENT,Cement - North India
ULTRATECH CEMENT LTD.,ULTRACEMCO,Cement - North India
JK LAKSHMI CEMENT LTD.,JKLAKSHMI,Cement - North India
NCL INDUSTRIES LTD.,NCLIND,Cement - South India
THE RAMCO CEMENTS LIMITED,RAMCOCEM,Cement - South India
DALMIA BHARAT LTD,DALBHARAT,Cement - South India
DECCAN CEMENTS LTD.,DECCANCE,Cement - South India
KAKATIYA CEMENT SUGAR & INDUSTRIES LTD.,KAKATCEM,Cement - South India
BIGBLOC CONSTRUCTION LTD,BIGBLOC,Cement Products
SAHYADRI INDUSTRIES LTD.,SAHYADRI,Cement Products
EVEREST INDUSTRIES LTD.,EVERESTIND,Cement Products
VISAKA INDUSTRIES LTD.,VISAKAIND,Cement Products
RAMCO INDUSTRIES LTD.,RAMCOIND,Cement Products
HIL LTD.,HIL,Cement Products
KAJARIA CERAMICS LTD.,KAJARIACER,Ceramics - Tiles / Sanitaryware
ORIENT BELL LIMITED,ORIENTBELL,Ceramics - Tiles / Sanitaryware
CERA SANITARYWARE LTD.,CERA,Ceramics - Tiles / Sanitaryware
ACRYSIL LTD.,ACRYSIL,Ceramics - Tiles / Sanitaryware
SOMANY CERAMICS LTD.,SOMANYCERA,Ceramics - Tiles / Sanitaryware
EXXARO TILES LTD,EXXARO,Ceramics - Tiles / Sanitaryware
RITESH INTERNATIONAL LTD.,RITESHIN,Chemicals
COCHIN MINERALS & RUTILE LTD.,COCHINM,Chemicals
NATIONAL PEROXIDE LTD.,NATPEROX,Chemicals
TYCHE INDUSTRIES LTD.,TYCHE,Chemicals
NAVIN FLUORINE INTERNATIONAL LIMITED,NAVINFLUOR,Chemicals
KANCHI KARPOORAM LTD,KANCHI,Chemicals
FOSECO INDIA LTD.,FOSECOIND,Chemicals
NEOGEN CHEMICALS LTD,NEOGEN,Chemicals
JYOTI RESINS & ADHESIVES LTD.,JYOTIRES,Chemicals
TRANSPEK INDUSTRY LTD.,TRANSPEK,Chemicals
ADVANCED ENZYME TECHNOLOGIES LTD,ADVENZYMES,Chemicals
JUBILANT INDUSTRIES LTD.,JUBLINDS,Chemicals
NIKHIL ADHESIVES LTD.,NIKHILAD,Chemicals
TIDE WATER OIL (INDIA) LTD.,TIDEWATER,Chemicals
GAGAN GASES LTD.,GAGAN,Chemicals
TCM LTD.,TCMLMTD,Chemicals
NITTA GELATIN INDIA LTD.,NITTAGELA,Chemicals
RESONANCE SPECIALTIES LTD.,RESONANCE,Chemicals
TATVA CHINTAN PHARMA CHEM LTD,TATVA,Chemicals
GANESH BENZOPLAST LTD.,GANESHBE,Chemicals
GBL INDUSTRIES LTD,GBLIL,Chemicals
JOCIL,JOCIL,Chemicals
GHCL LTD.,GHCL,Chemicals
TATA CHEMICALS LTD.,TATACHEM,Chemicals
NARMADA GELATINES LTD.,SHAWGELTIN,Chemicals
CLEAN SCIENCE AND TECHNOLOGY LTD,CLEAN,Chemicals
CLARIANT CHEMICALS (INDIA) LTD.,CLNINDIA,Chemicals
MYSORE PETRO CHEMICALS LTD.,MYSORPETRO,Chemicals
ARCHIT ORGANOSYS LTD.,ARCHITORG,Chemicals
KELTECH ENERGIES LTD.,KELENRG,Chemicals
LINDE INDIA LIMITED,LINDEINDIA,Chemicals
EXCEL INDUSTRIES LTD.,EXCELINDUS,Chemicals
CASTROL INDIA LTD.,CASTROLIND,Chemicals
A-1 ACID LTD,AAL,Chemicals
CAPROLACTAM CHEMICALS LTD.,CAPRO,Chemicals
LAXMI ORGANIC INDUSTRIES LTD,LXCHEM,Chemicals
CHEMBOND CHEMICALS LTD.,CHEMBOND,Chemicals
FAIRCHEM ORGANICS LTD,FAIRCHEMOR,Chemicals
CHEMCON SPECIALITY CHEMICALS LTD,CHEMCON,Chemicals
GOA CARBON LTD.,GOACARBON,Chemicals
CHEMCRUX ENTERPRISES LTD,CHEMCRUX,Chemicals
VISHNU CHEMICALS LTD.,VISHNU,Chemicals
ELANTAS BECK INDIA LTD.,ELANTAS,Chemicals
AARTI INDUSTRIES LTD.,AARTIIND,Chemicals
AARTI SURFACTANTS LTD,AARTISURF,Chemicals
CHEMPLAST SANMAR LTD,CHEMPLASTS,Chemicals
VINATI ORGANICS LTD.,VINATIORGA,Chemicals
LAFFANS PETROCHEMICALS LTD.,LAFFANSQ,Chemicals
VASUNDHARA RASAYANS LTD,VRL,Chemicals
FINE ORGANIC INDUSTRIES LTD,FINEORG,Chemicals
FINEOTEX CHEMICAL LTD.,FCL,Chemicals
VALIANT ORGANICS LTD,VALIANTORG,Chemicals
CHEMFAB ALKALIS LTD,CHEMFAB,Chemicals
JAYANT AGRO-ORGANICS LTD.,JAYAGROGN,Chemicals
NOCIL LTD.,NOCIL,Chemicals
TANFAC INDUSTRIES LTD.,TANFACIND,Chemicals
PREMIER EXPLOSIVES LTD.,PREMEXPLN,Chemicals
GULSHAN POLYOLS LTD.,GULPOLY,Chemicals
BALAJI AMINES LTD.,BALAMINES,Chemicals
SREECHEM RESINS LTD.,SRECR,Chemicals
GP PETROLEUMS LIMITED,GULFPETRO,Chemicals
PROLIFE INDUST.,PROLIFE,Chemicals
SREE RAYALASEEMA HI-STRENGTH HYPO LTD.,SRHHYPOLTD,Chemicals
AMINES & PLASTICIZERS LTD.,AMNPLST,Chemicals
DIC INDIA LTD.,DICIND,Chemicals
PUNJAB CHEMICALS AND CROP PROTECTION LTD.,PUNJABCHEM,Chemicals
SOLAR INDUSTRIES INDIA LTD.,SOLARINDS,Chemicals
INSILCO LTD.,INSILCO,Chemicals
DIAMINES & CHEMICALS LTD.,DIAMINESQ,Chemicals
DAI-ICHI KARKARIA LTD.,DAICHI,Chemicals
ANDHRA PETROCHEMICALS LTD.,ANDHRAPET,Chemicals
HARYANA LEATHER CHEMICALS LTD.,HARLETH,Chemicals
DHARAMSI MORARJI CHEMICAL CO.LTD.,DHARAMSI,Chemicals
HIMADRI SPECIALITY CHEMICAL LTD,HSCL,Chemicals
HINDCON CHEMICAL,HINDCON,Chemicals
DEEPAK NITRITE LTD.,DEEPAKNTR,Chemicals
INDO BORAX & CHEMICALS LTD.,INDOBORAX,Chemicals
I G PETROCHEMICALS LTD.,IGPL,Chemicals
ASIAN PETROPRODUCTS & EXPORTS LTD.,ASINPET,Chemicals
INDIA GELATINE & CHEMICALS LTD.,INDGELA,Chemicals
ROSSARI BIOTECH LTD,ROSSARI,Chemicals
ALUFLUORIDE LTD.,ALUFLUOR,Chemicals
SUNSHIELD CHEMICALS LTD.,SUNSHIEL,Chemicals
PRIVI SPECIALITY CHEMICALS LTD,PRIVISCL,Chemicals
SANGINITA CHEMI.,SANGINITA,Chemicals
ALKALI METALS LTD.,ALKALI,Chemicals
ALKYL AMINES CHEMICALS LTD.,ALKYLAMINE,Chemicals
PIDILITE INDUSTRIES LTD.,PIDILITIND,Chemicals
PHILLIPS CARBON BLACK LTD.,PCBL,Chemicals
PODDAR PIGMENTS LTD.,PODDARMENT,Chemicals
GRAUER & WEIL (INDIA) LTD.,GRAUWEIL,Chemicals
PLASTIBLENDS INDIA LTD.,PLASTIBLEN,Chemicals
PENTOKEY ORGANY (INDIA) LTD.,PNTKYOR,Chemicals
GUJARAT FLUOROCHEMICALS LTD,FLUOROCHEM,Chemicals
ORIENTAL AROMATICS LTD,OAL,Chemicals
TAMILNADU PETROPRODUCTS LTD.,TNPETRO,Chemicals
GULF OIL LUBRICANTS INDIA LTD,GULFOILLUB,Chemicals
ORIENTAL CARBON & CHEMICALS LTD.,OCCL,Chemicals
BASF INDIA LTD.,BASF,Chemicals
LORDS CHLORO ALKALI LTD.,LORDSCHLO,Chlor Alkali / Soda Ash
TUTICORIN ALKALI CHEMICALS AND FERTILIZERS LTD,TUTIALKA,Chlor Alkali / Soda Ash
Epigral Ltd,MFL,Chlor Alkali / Soda Ash
TGV SRAAC LTD,TGVSL,Chlor Alkali / Soda Ash
PUNJAB ALKALIES & CHEMICALS LTD.,PACL,Chlor Alkali / Soda Ash
GUJARAT ALKALIES & CHEMICALS LTD.,GUJALKALI,Chlor Alkali / Soda Ash
Vishnu Prakash R Punglia Ltd,VPRPL,Civil Construction
Chavda Infra Ltd,CHAVDA,Civil Construction
Udayshivakumar Infra Ltd,USK,Civil Construction
DEVINE IMPEX LTD.,DEVINE,Comm.Trading & Distribution
Trivikrama Industries Ltd,TRIVIKRAMA,Comm.Trading & Distribution
Parshva Enterprises Ltd,PARSHVA,Comm.Trading & Distribution
Balgopal Commercial Ltd,BALGOPAL,Comm.Trading & Distribution
AYOKI MERCANTILE LTD.,AYOME,Comm.Trading & Distribution
Jupiter Wagons Limited,JWL,Commercial Vehicles
Alchemist Corporation Ltd,ALCHCORP,Commodity Chemicals
Valiant Laboratories Ltd,VALIANTLAB,Commodity Chemicals
MARVEL VINYLS LTD,MARVINY,Commodity Chemicals
Padmanabh Industries Limited,PADMAIND,Commodity Chemicals
ELGI EQUIPMENTS LTD.,ELGIEQUIP,Compressors / Drilling Equipment
KIRLOSKAR PNEUMATIC CO.LTD.,KIRLPNU,Compressors / Drilling Equipment
INGERSOLL-RAND (INDIA) LTD.,INGERRAND,Compressors / Drilling Equipment
JETKING INFOTRAIN LTD.,JETKINGQ,Computers - Education
COMPUCOM SOFTWARE LTD.,COMPUSOFT,Computers - Education
NIIT LTD.,NIITLTD,Computers - Education
APTECH LTD.,APTECHT,Computers - Education
CEREBRA INTEGRATED TECHNOLOGIES LTD.,CEREBRAINT,Computers - Hardware
D-LINK (INDIA) LTD,DLINKINDIA,Computers - Hardware
WEP SOLUTIONS LTD.,WEPSOLN,Computers - Hardware
TVS ELECTRONICS LTD.,TVSELECT,Computers - Hardware
FOURTH DIMENSION SOLUTIONS LIMITED,4THDIM,Computers - Software & Consulting
GVP INFOTECH LIMITED,GVPTECH,Computers - Software & Consulting
FIDEL SOFTECH LIMITED,FIDEL,Computers - Software & Consulting
Micropro Software Solutions Ltd,MICROPRO,Computers - Software & Consulting
Systango Technologies Ltd,SYSTANGO,Computers - Software & Consulting
Quicktouch Technologies Ltd,QUICKTOUCH,Computers - Software & Consulting
Yudiz Solutions Ltd,YUDIZ,Computers - Software & Consulting
Canarys Automations Ltd,CANARYS,Computers - Software & Consulting
Quest Softech (India) Ltd,QUEST,Computers - Software & Consulting
DANLAW TECHNOLOGIES INDIA LTD.,DANLAW,Computers - Software - Converts
LCC INFOTECH LTD.,LCCINFOTEC,Computers - Software - Converts
INFOSYS LTD.,INFY,Computers - Software - Large
TECH MAHINDRA LTD.,TECHM,Computers - Software - Large
HCL TECHNOLOGIES LTD.,HCLTECH,Computers - Software - Large
TATA CONSULTANCY SERVICES LTD.,TCS,Computers - Software - Large
LTIMindtree Ltd,LTIM,Computers - Software - Large
DEV INFORMATION,DEVIT,Computers - Software - Medium / Small
SECMARK CONSULTANCY LTD,SECMARK,Computers - Software - Medium / Small
HILIKS TECHNOLOGIES LTD,HILIKS,Computers - Software - Medium / Small
CENTERAC TECHNOLOGIES LTD.,CENTERAC,Computers - Software - Medium / Small
SILVER TOUCH,SILVERTUC,Computers - Software - Medium / Small
SOFCOM SYSTEMS LTD,SOFCOM,Computers - Software - Medium / Small
SASKEN TECHNOLOGIES LTD,SASKEN,Computers - Software - Medium / Small
SOFTSOL INDIA LTD.,SOFTSOL,Computers - Software - Medium / Small
SIGMA SOLVE,SIGMA,Computers - Software - Medium / Small
HINDUJA GLOBAL SOLUTIONS LTD.,HGS,Computers - Software - Medium / Small
ASM TECHNOLOGIES LTD.,ASMTEC,Computers - Software - Medium / Small
SAKSOFT LTD.,SAKSOFT,Computers - Software - Medium / Small
SAGARSOFT (INDIA) LTD,SAGARSOFT,Computers - Software - Medium / Small
SOFTTECH ENGINEE,SOFTTECH,Computers - Software - Medium / Small
RS SOFTWARE INDIA LTD.,RSSOFTWARE,Computers - Software - Medium / Small
ROUTE MOBILE LTD,ROUTE,Computers - Software - Medium / Small
ATISHAY LTD,ATISHAY,Computers - Software - Medium / Small
AURIONPRO SOLUTIONS LTD.,AURIONPRO,Computers - Software - Medium / Small
RAMINFO LIMITED,RAMINFO,Computers - Software - Medium / Small
INFIBEAM AVENUES LTD,INFIBEAM,Computers - Software - Medium / Small
RAMCO SYSTEMS LTD.,RAMCOSYS,Computers - Software - Medium / Small
DATAMATICS GLOBAL SERVICES LTD.,DATAMATICS,Computers - Software - Medium / Small
INFOBEANS TECH.,INFOBEAN,Computers - Software - Medium / Small
INFORMED TECHNOLOGIES INDIA LTD.,INFORTEC,Computers - Software - Medium / Small
HOV SERVICES LTD.,HOVS,Computers - Software - Medium / Small
SONATA SOFTWARE LTD.,SONATSOFTW,Computers - Software - Medium / Small
ALLSEC TECHNOLOGIES LTD.,ALLSEC,Computers - Software - Medium / Small
SPARC SYSTEMS LTD.,SPARCSYS,Computers - Software - Medium / Small
APOLLO MICRO SYSTEMS LTD,APOLLO,Computers - Software - Medium / Small
ZENSAR TECHNOLOGIES LTD.,ZENSARTECH,Computers - Software - Medium / Small
ZEN TECHNOLOGIES LTD.,ZENTEC,Computers - Software - Medium / Small
XTGLOBAL INFOTECH LTD,XTGLOBAL,Computers - Software - Medium / Small
3I INFOTECH LTD.,3IINFOLTD,Computers - Software - Medium / Small
EXPLEO SOLUTIONS LTD,EXPLEOSOL,Computers - Software - Medium / Small
63 MOONS TECHNOLOGIES LTD,63MOONS,Computers - Software - Medium / Small
AAA TECHNOLOGIES,AAATECH,Computers - Software - Medium / Small
VISESH INFOTECNICS LTD.,VISESHINFO,Computers - Software - Medium / Small
ABM KNOWLEDGEWARE LTD.,ABMKNO,Computers - Software - Medium / Small
ACCELYA SOLUTIONS INDIA LTD,ACCELYA,Computers - Software - Medium / Small
FIRSTSOURCE SOLUTIONS LTD.,FSL,Computers - Software - Medium / Small
ECLERX SERVICES LTD.,ECLERX,Computers - Software - Medium / Small
TRITON CORP.LTD.,TRITON,Computers - Software - Medium / Small
E2E NETWORKS,E2E,Computers - Software - Medium / Small
TRIGYN TECHNOLOGIES LTD.,TRIGYN,Computers - Software - Medium / Small
TREJHARA SOLUTIONS LTD,TREJHARA,Computers - Software - Medium / Small
ADROIT INFOTECH LTD,ADROITINFO,Computers - Software - Medium / Small
DYNACONS SYSTEMS & SOLUTIONS LTD.,DSSL,Computers - Software - Medium / Small
TECHNVISION VENTURES LTD.,TECHNVISN,Computers - Software - Medium / Small
AIRAN,AIRAN,Computers - Software - Medium / Small
TATA ELXSI LTD.,TATAELXSI,Computers - Software - Medium / Small
GENESYS INTERNATIONAL CORPORATION LTD.,GENESYS,Computers - Software - Medium / Small
GOLDSTONE TECHNOLOGIES LTD.,GOLDTECH,Computers - Software - Medium / Small
TANLA PLATFORMS LTD,TANLA,Computers - Software - Medium / Small
TAKE SOLUTIONS LTD.,TAKE,Computers - Software - Medium / Small
GSS INFOTECH LTD.,GSS,Computers - Software - Medium / Small
ALLIED DIGITAL SERVICES LTD.,ADSL,Computers - Software - Medium / Small
SUBEX LTD.,SUBEXLTD,Computers - Software - Medium / Small
HAPPIEST MINDS TECHNOLOGIES LTD,HAPPSTMNDS,Computers - Software - Medium / Small
INFRONICS SYSTEMS LTD,INFRONICS,Computers - Software - Medium / Small
NUCLEUS SOFTWARE EXPORTS LTD.,NUCLEUS,Computers - Software - Medium / Small
R SYSTEMS INTERNATIONAL LIMITED,RSYSTEMS,Computers - Software - Medium / Small
JONJUA OVERSEAS LTD,JONJUA,Computers - Software - Medium / Small
NINTEC SYSTEMS LTD,NINSYS,Computers - Software - Medium / Small
NEWGEN SOFTWARE TECHNOLOGIES LTD,NEWGEN,Computers - Software - Medium / Small
NETLINK SOLUTIONS (INDIA) LTD.,NETLINK,Computers - Software - Medium / Small
BIRLASOFT LTD,BSOFT,Computers - Software - Medium / Small
COFORGE LTD,COFORGE,Computers - Software - Medium / Small
BNR UDYOG LTD.,BNRUDY,Computers - Software - Medium / Small
BODHTREE CONSULTING LTD,BODHTREE,Computers - Software - Medium / Small
KELLTON TECH SOLUTIONS LTD.,KELLTONTEC,Computers - Software - Medium / Small
N2N TECHNOLOGIES LIMITED,NNTL,Computers - Software - Medium / Small
MPHASIS LTD.,MPHASIS,Computers - Software - Medium / Small
CIGNITI TECHNOLOGIES LTD.,CIGNITITEC,Computers - Software - Medium / Small
KPIT TECHNOLOGIES LTD,KPITTECH,Computers - Software - Medium / Small
BRIGHTCOM GROUP LTD,BCG,Computers - Software - Medium / Small
KSOLVES INDIA,KSOLVES,Computers - Software - Medium / Small
L&T TECHNOLOGY SERVICES LTD,LTTS,Computers - Software - Medium / Small
MOSCHIP TECHNOLOGIES LTD,MOSCHIP,Computers - Software - Medium / Small
MINDTECK (INDIA) LTD.,MINDTECK,Computers - Software - Medium / Small
CALIFORNIA SOFTWARE CO.LTD.,CALSOFT,Computers - Software - Medium / Small
MASTEK LTD.,MASTEK,Computers - Software - Medium / Small
MAJESCO LTD,MJCO,Computers - Software - Medium / Small
CEINSYS TECH LTD,CEINSYSTECH,Computers - Software - Medium / Small
CG-VAK SOFTWARE & EXPORTS LTD.,CGVAK,Computers - Software - Medium / Small
OBJECTONE INFORMATION SYSTEMS LTD.,OONE,Computers - Software - Medium / Small
OCTAWARE TECHNOLOGIES LTD,OCTAWARE,Computers - Software - Medium / Small
BLS INTERNATIONAL SERVICES LTD,BLS,Computers - Software - Medium / Small
BARON INFOTECH LTD.,BARONINF,Computers - Software - Medium / Small
IZMO LIMITED,IZMO,Computers - Software - Medium / Small
B2B SOFTWARE TECHNOLOGIES LTD.,B2BSOFT,Computers - Software - Medium / Small
PERSISTENT SYSTEMS LTD.,PERSISTENT,Computers - Software - Medium / Small
I-POWER SOLUTIONS INDIA LTD.,IPOWER,Computers - Software - Medium / Small
INTENSE TECHNOLOGIES LTD.,INTENTECH,Computers - Software - Medium / Small
CRESSANDA SOLUTIONS LTD.,CRESSAN,Computers - Software - Medium / Small
CYIENT LIMITED,CYIENT,Computers - Software - Medium / Small
IRIS BUSINESS SERVICES LTD,IRIS,Computers - Software - Medium / Small
ONWARD TECHNOLOGIES LTD.,ONWARDTEC,Computers - Software - Medium / Small
INTELLECT DESIGN ARENA LTD,INTELLECT,Computers - Software - Medium / Small
COSYN LTD,COSYN,Computers - Software - Medium / Small
QUICK HEAL TECHNOLOGIES LTD,QUICKHEAL,Computers - Software - Medium / Small
ODYSSEY TECHNOLOGIES LTD.,ODYSSEY,Computers - Software - Medium / Small
ORACLE FINANCIAL SERVICES SOFTWARE LTD.,OFSS,Computers - Software - Medium / Small
Newjaisa Technologies Ltd,NEWJAISA,Computers Hardware & Equipments
Netweb Technologies India Ltd,NETWEB,Computers Hardware & Equipments
TULIVE DEVELOPERS LIMITED,TULIVE,Construction
KNR CONSTRUCTIONS LTD.,KNRCON,Construction
PRIME PROPERTY DEVELOPMENT CORPORATION LTD.,PRIMEPRO,Construction
PSP PROJECTS LTD,PSPPROJECT,Construction
KRISHNA VENTURES LIMITED,KRISHNA,Construction
INDIABULLS REAL ESTATE LTD.,IBREALEST,Construction
SHREE PRECOATED STEELS LTD.,SPSL,Construction
MODULEX CONSTRUCTION TECHNOLOGIES LTD,MODULEX,Construction
VEER GLOBAL INFRACONSTRUCTION LTD,VGIL,Construction
VICTORIA MILLS LTD.,VICTMILL,Construction
IRCON INTERNATIONAL LTD,IRCON,Construction
THE PHOENIX MILLS LTD,PHOENIXLTD,Construction
MEGA NIRMAN AND INDUSTRIES LTD,MNIL,Construction
WARDWIZARD INNOVATIONS & MOBILITY LTD,WARDINMOBI,Construction
MAN INFRACONSTRUCTION LTD.,MANINFRA,Construction
MAHINDRA LIFESPACE DEVELOPERS LTD.,MAHLIFE,Construction
MACROTECH DEVELOPERS LTD,LODHA,Construction
VARIMAN GLOBAL ENTERPRISES LTD,VARIMAN,Construction
VKJ INFRADEVELOPERS LTD,VKJINFRA,Construction
GANESH HOUSING CORPORATION LTD.,GANESHHOUC,Construction
TCI DEVELOPERS LTD.,TCIDEVELOP,Construction
SHREESHAY ENGINEERS LTD,SHREESHAY,Construction
HEMISPHERE PROPERTIES INDIA LTD,HEMIPROP,Construction
OBEROI REALTY LTD.,OBEROIRLTY,Construction
NIRAJ CEMENT STRUCTURALS LTD.,NIRAJ,Construction
SANMIT INFRA LIMITED,SANINFRA,Construction
K&R RAIL ENGINEERING LTD,KRRAIL,Construction
STEEL STRIPS INFRASTRUCTURES LTD.,STLSTRINF,Construction
SAM INDUSTRIES LTD.,SAMINDUS,Construction
SUNTECK REALTY LTD.,SUNTECK,Construction
SALASAR EXTERIOR,SECL,Construction
NCC LIMITED,NCC,Construction
SUPREME HOLDINGS & HOSPITALITY (INDIA) LTD.,SUPREME,Construction
KINGS INFRA VENTURES LIMITED,KINGSINFR,Construction
RAJESWARI INFRASTRUCTURE LIMITED,RAJINFRA,Construction
SVP HOUSING LTD,SVPHOUSING,Construction
NBCC (INDIA) LTD,NBCC,Construction
JANUS CORPORATION LTD,JANUSCORP,Construction
KARDA CONSTRUCTIONS LTD,KARDA,Construction
PARLE INDUSTRIES LTD,PARLEIND,Construction
TARMAT LTD,TARMAT,Construction
GIRIRAJ CIVIL,GIRIRAJ,Construction
KCL INFRA PROJECTS LTD,KCLINFRA,Construction
RUDRABHISH. ENT.,REPL,Construction
NARENDRA PROPERTIES LTD.,NARPROP,Construction
SHERVANI INDUSTRIAL SYNDICATE LTD.,SHERVANI,Construction
TATIA GLOBAL VENNTURE LTD.,TATIAGLOB,Construction
SURATWWALA BUSINESS GROUP LTD,SBGLP,Construction
RAP MEDIA LTD.,RAP,Construction
LIKHITHA INFRASTRUCTURE LTD,LIKHITHA,Construction
ELPRO INTERNATIONAL LTD.,ELPROINTL,Construction
CRANE INFRASTRUCTURE LTD,CRANEINFRA,Construction
ADVAIT INFRATECH LTD,ADVAIT,Construction
COUNTRY CONDO'S LTD.,COUNCODOS,Construction
ART NIRMAN LTD,ARTNIRMAN,Construction
ELDECO HOUSING & INDUSTRIES LTD.,ELDEHSG,Construction
COROMANDEL ENGINEERING COMPANY LTD.,COROENGG,Construction
ATAL REALTECH,ATALREAL,Construction
BHAGYANAGAR PROPERTIES LTD,BHAGYAPROP,Construction
CONART ENGINEERS LTD.,CONART,Construction
ARVIND SMARTSPACES LTD,ARVSMART,Construction
BSEL INFRASTRUCTURE REALTY LTD.,BSELINFRA,Construction
AGI INFRA LTD,AGIIL,Construction
CROISSANCE LTD,CROISSANCE,Construction
ASHIANA HOUSING LTD.,ASHIANA,Construction
DLF LTD.,DLF,Construction
ANANT RAJ LIMITED,ANANTRAJ,Construction
ALPINE HOUSING DEVELOPMENT CORPORATION LTD.,ALPINEHOU,Construction
DIGGI MULTITRADE LTD,DML,Construction
AMJ LAND HOLDINGS LTD,AMJLAND,Construction
CAPACITE INFRAPROJECTS LTD,CAPACITE,Construction
AHLUWALIA CONTRACTS (INDIA) LTD.,AHLUCONT,Construction
ANUBHAV INFRASTRUCTURE LTD,ANUBHAV,Construction
Sri Krishna Constructions (India) Ltd,SKC,Construction - Real Estate
PDS Limited,PDSL,Consumer / Cyclical
Jullundur Motor Agency (Delhi) Limited,JMA,Consumer / Cyclical
Foce India Limited,FOCE,Consumer / Cyclical
ZF Commercial Vehicle Control Systems India Limited,ZFCVINDIA,Consumer / Cyclical
Euro Panel Products Limited,EUROBOND,Consumer / Cyclical
Shigan Quantum Technologies Limited,SHIGAN,Consumer / Cyclical
KN Agri Resources Limited,KNAGRI,Consumer / Non-Cyclical
Kothari Sugars And Chemicals Limited,KOTARISUG,Consumer / Non-Cyclical
Digjam Limited,DIGJAMLMTD,Consumer Cyclical
IKIO Lighting Ltd,IKIO,Consumer Electronics
SAMTEL INDIA LTD.,SAMTELIN,Consumer Electronics
Kundan Edifice Ltd,KEL,Consumer Electronics
Arham Technologies Ltd,ARHAM,Consumer Electronics
Raj Oil Mills Limited,ROML,Consumer/Non-Cyclical
GATI LTD.,GATI,Couriers
TCI EXPRESS LTD,TCIEXP,Couriers
BLUE DART EXPRESS LTD.,BLUEDART,Couriers
TUBE INVESTMENTS OF INDIA LTD,TIINDIA,Cycles And Accessories
Paras Defence and Space Technologies Limited,PARAS,DEFENCE
CREATIVE NEWTECH LIMITED,CREATIVE,DIVERSIFIED RETAIL
Tracxn Technologies Ltd,TRACXN,Data Processing Services
Data Patterns (India) Ltd,DATAPATTNS,Defence
KFin Technologies Ltd,KFINTECH,"Depositories, Clearing Houses and Other Intermediaries"
HIPOLIN LTD.,HIPOLIN,Detergents / Intermediates
GALAXY SURFACTANTS LTD,GALAXYSURF,Detergents / Intermediates
PEE CEE COSMA SOPE LTD.,PCCOSMA,Detergents / Intermediates
GAUTAM GEMS LTD,GGL,Diamond Cutting / Jewellery
PATDIAM JEWELLERY LTD,PJL,Diamond Cutting / Jewellery
VAIBHAV GLOBAL LTD,VAIBHAVGBL,Diamond Cutting / Jewellery
RADHIKA JEWELTECH LTD,RADHIKAJWE,Diamond Cutting / Jewellery
DARSHAN ORNA LTD,DARSHANORNA,Diamond Cutting / Jewellery
KANANI INDUSTRIES LTD.,KANANIIND,Diamond Cutting / Jewellery
SHEETAL DIAMONDS LTD.,SHEETAL,Diamond Cutting / Jewellery
THANGAMAYIL JEWELLERY LTD,THANGAMAYL,Diamond Cutting / Jewellery
ASHAPURI GOLD ORNAMENT LTD,AGOL,Diamond Cutting / Jewellery
STARLINEPS ENTERPRISES LTD,STARLENT,Diamond Cutting / Jewellery
SAGAR DIAMONDS LTD,SAGAR,Diamond Cutting / Jewellery
BHAKTI GEMS AND JEWELLERY LTD,BGJL,Diamond Cutting / Jewellery
ZODIAC-JRD-MKJ LTD.,ZODJRDMKJ,Diamond Cutting / Jewellery
SM GOLD LTD,SMGOLD,Diamond Cutting / Jewellery
TITAN COMPANY LIMITED,TITAN,Diamond Cutting / Jewellery
UDAY JEWELLERY INDUSTRIES LTD,UDAYJEW,Diamond Cutting / Jewellery
U. H. ZAVERI LTD,UHZAVERI,Diamond Cutting / Jewellery
ATLAS JEWELLERY INDIA LIMITED,AJIL,Diamond Cutting / Jewellery
RAJESH EXPORTS LTD.,RAJESHEXPO,Diamond Cutting / Jewellery
QUESS CORP LTD,QUESS,Diversified - Large
BALMER LAWRIE & CO.LTD.,BALMLAWRIE,Diversified - Large
ANDREW YULE & COMPANY LTD.,ANDREWYU,Diversified - Medium / Small
ANDHRA SUGARS LTD.,ANDHRSUGAR,Diversified - Medium / Small
DCM SHRIRAM LIMITED,DCMSHRIRAM,Diversified - Mega
Johnson Pharmacare Ltd,JOHNPHARMA,Diversified Commercial Services
CAPRICORN SYSTEMS GLOBAL SOLUTIONS LTD.,CAPRICORN,Diversified Commercial Services
Updater Services Ltd,UDS,Diversified Commercial Services
TRIDHYA TECH LIMITED,TRIDHYA,Diversified Commercial Services
Kontor Space Ltd,KONTOR,Diversified Commercial Services
Anlon Technology Solutions Ltd,ANLON,Diversified Commercial Services
Spectrum Talent Management Ltd,SPECTSTM,Diversified Commercial Services
INFOLLION RESEARCH SERVICES LIMITED,INFOLLION,Diversified Commercial Services
RBM Infracon Ltd,RBMINFRA,Diversified Commercial Services
Service Care Ltd,SERVICE,Diversified Commercial Services
SIMPLEX TRADING & AGENCIES LTD.,SMPLXTR,Diversified Commercial Services
Radiant Cash Management Services Ltd,RADIANTCMS,Diversified Commercial Services
On Door Concepts Ltd,ONDOOR,Diversified Retail
Alexander Stamps And Coin Ltd,ALEXANDER,Diversified.
DHP INDIA LTD.,DHPIND,Domestic Appliances
SYMPHONY LIMITED,SYMPHONY,Domestic Appliances
GORANI INDUSTRIES LTD.,GORANIN,Domestic Appliances
HAWKINS COOKERS LTD.,HAWKINCOOK,Domestic Appliances
WHIRLPOOL OF INDIA LTD.,WHIRLPOOL,Domestic Appliances
STOVE KRAFT LTD,STOVEKRAFT,Domestic Appliances
ORIENT ELECTRIC LTD,ORIENTELEC,Domestic Appliances
BUTTERFLY GANDHIMATHI APPLIANCES LTD,BUTTERFLY,Domestic Appliances
TTK PRESTIGE LTD.,TTKPRESTIG,Domestic Appliances
BAJAJ ELECTRICALS LTD.,BAJAJELEC,Domestic Appliances
INFLAME APPLIANCES LTD,INFLAME,Domestic Appliances
IFB INDUSTRIES LTD.,IFBIND,Domestic Appliances
PANASONIC ENERGY INDIA COMPANY LTD.,PANAENERG,Dry Cells
EVEREADY INDUSTRIES INDIA LTD.,EVEREADY,Dry Cells
HBL POWER SYSTEMS LTD.,HBLPOWER,Dry Cells
SUDARSHAN CHEMICAL INDUSTRIES LTD.,SUDARSCHEM,Dyes And Pigments
VIPUL ORGANICS LTD,VIPULORG,Dyes And Pigments
INDO EURO INDCHEM LTD.,INDOEURO,Dyes And Pigments
ULTRAMARINE & PIGMENTS LTD.,ULTRAMAR,Dyes And Pigments
AMAL LTD.,AMAL,Dyes And Pigments
PRATIKSHA CHEMICALS LTD.,PRATIKSH,Dyes And Pigments
ISHAN DYES & CHEMICALS LTD.,ISHANCH,Dyes And Pigments
Heubach Colorants India Ltd,HEUBACHIND,Dyes And Pigments
VIVID GLOBAL INDUSTRIES LTD.,VIVIDIND,Dyes And Pigments
BHAGERIA INDUSTRIES LTD,BHAGERIA,Dyes And Pigments
SADHANA NITROCHEM LTD.,SADHNANIQ,Dyes And Pigments
DYNEMIC PRODUCTS LTD.,DYNPRO,Dyes And Pigments
Yasons Chemex Care Ltd,YCCL,Dyes And Pigments
ATUL LTD.,ATUL,Dyes And Pigments
JAYSYNTH DYESTUFF (INDIA) LTD.,JAYSYN,Dyes And Pigments
POLSON LTD.,POLSON,Dyes And Pigments
HINDPRAKASH INDU,HPIL,Dyes And Pigments
GENERIC PHARMASEC LTD,GENPHARMA,Dyes And Pigments
MAHICKRA CHEM.,MAHICKRA,Dyes And Pigments
INDOKEM LTD.,INDOKEM,Dyes And Pigments
KIRI INDUSTRIES LTD.,KIRIINDUS,Dyes And Pigments
SHREE PUSHKAR CHEMICALS & FERTILISERS LTD,SHREEPUSHK,Dyes And Pigments
CAMEX LTD.,CAMEXLTD,Dyes And Pigments
SHREYAS INTERMEDIATES LTD.,SHREYASI,Dyes And Pigments
INDIAN TONERS & DEVELOPERS LTD.,INDTONER,Dyes And Pigments
AKSHARCHEM (INDIA) LTD.,AKSHARCHEM,Dyes And Pigments
VIDHI SPECIALTY FOOD INGREDIENTS LTD,VIDHIING,Dyes And Pigments
Veranda Learning Solutions Ltd,VERANDA,E-Learning
M K PROTEINS LIMITED,MKPL,Edible Oil
Patanjali Foods Ltd,PATANJALI,Edible Oil
Superior Industrial Enterprises Limited,SIEL,Edible Oil
Adani Wilmar Ltd,AWL,Edible Oils
Sylph Education Solutions Ltd,SESL,Education
Vinsys IT Services India Ltd,VINSYS,Education
Arihant Institute Ltd,ARIHANTINS,Education
NIIT Learning Systems Ltd,NIITMTS,Education
MARINE ELECTRIC.,MARINE,Electric Equipment
SCHNEIDER ELECTRIC INFRASTRUCTURE LTD.,SCHNEIDER,Electric Equipment
VOLTAMP TRANSFORMERS LTD.,VOLTAMP,Electric Equipment
T D POWER SYSTEMS LTD.,TDPOWERSYS,Electric Equipment
REXNORD ELECTRONICS & CONTROLS LTD.,REXNORD,Electric Equipment
FOCUS LIGHTING,FOCUS,Electric Equipment
BHARAT BIJLEE LTD.,BBL,Electric Equipment
SHILCHAR TECHNOLOGIES LTD.,SHILCTECH,Electric Equipment
KAYCEE INDUSTRIES LTD.,KAYCEEI,Electric Equipment
HIGH ENERGY BATTERIES (INDIA) LTD.,HIGHENE,Electric Equipment
ABB INDIA LIMITED,ABB,Electric Equipment
ABB POWER PRODUCTS AND SYSTEMS INDIA LTD,POWERINDIA,Electric Equipment
TAYLORMADE RENEWABLES LTD,TRL,Electric Equipment
CROMPTON GREAVES CONSUMER ELECTRICALS LTD,CROMPTON,Electric Equipment
RMC SWITCHGEARS LTD,RMC,Electric Equipment
GE T&D INDIA LTD,GET&D,Electric Equipment
MODERN INSULATORS LTD.,MODINSU,Electric Equipment
MODISON LTD.,MODISONLTD,Electric Equipment
SERVOTECH POWER,SERVOTECH,Electric Equipment
HONDA INDIA POWER PRODUCTS LTD,HONDAPOWER,Electric Equipment
ARTEMIS ELECTRICALS LTD,ARTEMISELC,Electric Equipment
APAR INDUSTRIES LTD.,APARINDS,Electric Equipment
SIEMENS LTD.,SIEMENS,Electric Equipment
INDO TECH TRANSFORMERS LTD.,INDOTECH,Electric Equipment
V-GUARD INDUSTRIES LTD.,VGUARD,Electric Equipment
EPIC ENERGY LTD.,EPIC,Electric Equipment
GTV ENGINEERING LTD,GTV,Electric Equipment
SPECTRUM ELECTR.,SPECTRUM,Electric Equipment
AMBA ENTERPRISES LTD,AEL,Electric Equipment
CG POWER AND INDUSTRIAL SOLUTIONS LTD,CGPOWER,Electric Equipment
SUZLON ENERGY LTD.,SUZLON,Electric Equipment
VETO SWITCHGEARS AND CABLES LTD,VETO,Electric Equipment
AARTECH SOLONICS LTD,AARTECH,Electric Equipment
MARSONS LIMITED,MARSONS,Electric Equipment
SURANA SOLAR LIMITED,SURANASOL,Electric Equipment
HAVELLS INDIA LTD.,HAVELLS,Electric Equipment
GOLDSTAR POWER,GOLDSTAR,Electric Equipment
KLK ELECTRICAL LTD,KLKELEC,Electric Equipment
TRIVENI TURBINE LTD.,TRITURBINE,Electric Equipment
Insolation Energy Ltd,INA,Electric Utilities
HEG LTD.,HEG,Electrodes - Graphites
GRAPHITE INDIA LTD.,GRAPHITE,Electrodes - Graphites
RASI ELECTRODES LTD.,RASIELEC,Electrodes - Welding Equipment
ADOR WELDING LTD.,ADORWELD,Electrodes - Welding Equipment
MAHAVIR INDUSTRIES LIMITED,MAHAVIRIND,Electrodes - Welding Equipment
ADOR FONTECH LTD.,ADORFO,Electrodes - Welding Equipment
ESAB INDIA LTD.,ESABINDIA,Electrodes - Welding Equipment
Samvardhana Motherson International Limited,MOTHERSON,Electronic
LINAKS MICROELECTRONICS LTD.,LINAKS,Electronic Components
HONEYWELL AUTOMATION INDIA LTD.,HONAUT,Electronics - Components
INCAP LTD.,INCAP,Electronics - Components
BCC FUBA INDIA LTD.,BCCFUBA,Electronics - Components
BHARAT ELECTRONICS LTD.,BEL,Electronics - Components
PG ELECTROPLAST LTD.,PGEL,Electronics - Components
NITIRAJ ENGINEER,NITIRAJ,Electronics - Components
PERMANENT MAGNETS LTD.,PERMAGN,Electronics - Components
RUTTONSHA INTERNATIONAL RECTIFIER LTD.,RIR,Electronics - Components
PULZ ELECTRONICS,PULZ,Electronics - Components
SPEL SEMICONDUCTOR LTD.,SPELS,Electronics - Components
SHIVALIK BIMETAL CONTROLS LTD.,SBCL,Electronics - Components
COSMO FERRITES LTD.,COSMOFE,Electronics - Components
GENUS POWER INFRASTRUCTURES LTD.,GENUSPOWER,Electronics - Components
GUJARAT POLY ELECTRONICS LTD,GUJARATPOLY,Electronics - Components
HIND RECTIFIERS LTD.,HIRECT,Electronics - Components
AMBER ENTERPRISES INDIA LTD,AMBER,Electronics - Components
MIRC ELECTRONICS LTD.,MIRCELECTR,Electronics - Consumer
DIXON TECHNOLOGIES (INDIA) LTD,DIXON,Electronics - Consumer
CALCOM VISION LTD.,CALCOM,Electronics - Consumer
BPL LTD.,BPL,Electronics - Consumer
SIKA INTERPLANT SYSTEMS LTD.,SIKA,Engineering
SINGER INDIA LTD.,SINGER,Engineering
BEML LTD.,BEML,Engineering
MACPOWER CNC,MACPOWER,Engineering
POLYMECHPLAST MACHINES LTD.,POLYCHMP,Engineering
BEMCO HYDRAULICS LTD.,BEMHY,Engineering
MAZDA LTD.,MAZDA,Engineering
RAJOO ENGINEERS LTD.,RAJOOENG,Engineering
CENLUB INDUSTRIES LTD.,CENLUB,Engineering
LOYAL EQUIPMENTS LTD,LOYAL,Engineering
SOLITAIRE MACHINE TOOLS LTD.,SOLIMAC,Engineering
BALU FORGE INDUSTRIES LTD,BALUFORGE,Engineering
RAPICUT CARBIDES LTD.,RAPICUT,Engineering
KILBURN ENGINEERING LTD.,KLBRENG-B,Engineering
THE ANUP ENGINEERING LTD,ANUP,Engineering
INTERNATIONAL CONVEYORS LTD.,INTLCONV,Engineering
THEJO ENGG.,THEJO,Engineering
THERMAX,THERMAX,Engineering
MTAR TECHNOLOGIES LTD,MTARTECH,Engineering
JASH ENGINEERING,JASH,Engineering
JOHN COCKERILL INDIA LTD,COCKERILL,Engineering
MOLD-TEK TECHNOLOGIES LTD.,MOLDTECH,Engineering
JOST'S ENGINEERING CO.LTD.,JOSTS,Engineering
INTERNATIONAL COMBUSTION (INDIA) LTD.,INTLCOMBQ,Engineering
BIRLA PRECISION TECHNOLOGIES LTD.,BIRLAPREC,Engineering
KABRA EXTRUSIONTECHNIK LTD.,KABRAEXTRU,Engineering
MISQUITA ENGINEERING LTD,MISQUITA,Engineering
BHARAT DYNAMICS LTD,BDL,Engineering
ISGEC HEAVY ENGINEERING LTD,ISGEC,Engineering
TANEJA AEROSPACE & AVIATION LTD.,TANAA,Engineering
KENNAMETAL INDIA LTD.,KENNAMET,Engineering
ION EXCHANGE (INDIA) LTD.,IONEXCHANG,Engineering
LATTEYS INDUSTRI,LATTEYS,Engineering
AFFORDABLE ROBOTIC & AUTOMATION LTD,AFFORDABLE,Engineering
ENVAIR ELECTRODYNE LTD.,ENVAIREL,Engineering
UNITED DRILLING TOOLS LTD.,UNIDT,Engineering
ICE MAKE REFRIG.,ICEMAKE,Engineering
INCON ENGINEERS LTD.,INCON,Engineering
VA TECH WABAG LTD.,WABAG,Engineering
EMKAY TAPS & CUT,EMKAYTOOLS,Engineering
HMT LTD.,HMT,Engineering
HLE GLASCOAT LTD,HLEGLAS,Engineering
ELECON ENGINEERING CO.LTD.,ELECON,Engineering
FELIX INDUSTRIES,FELIX,Engineering
DEBOCK SALES,DSML,Engineering
DE NORA INDIA LTD.,DENORA,Engineering
WINDSOR MACHINES LTD.,WINDMACHIN,Engineering
VELJAN DENISON LIMITED,VELJAN,Engineering
ACROW INDIA LTD.,ACROW,Engineering
ACTION CONSTRUCTION EQUIPMENT LTD.,ACE,Engineering
FLUIDOMAT LTD.,FLUIDOM,Engineering
AARON INDUSTRIES,AARON,Engineering
YUKEN INDIA LTD.,YUKEN,Engineering
HERCULES HOISTS LTD.,HERCULES,Engineering
EIMCO ELECON (INDIA) LTD.,EIMCOELECO,Engineering
GMM PFAUDLER LTD.,GMMPFAUDLR,Engineering
GUJARAT TOOLROOM LTD.,GUJTLRM,Engineering
FILTRA CONSULTANTS AND ENGINEERS LTD,FILTRA,Engineering
DISA INDIA LTD.,DISAQ,Engineering
BRADY & MORRIS ENGINEERING CO.LTD.,BRADYM,Engineering
BCPL RAILWAY INFRASTRUCTURE LTD,BCPL,Engineering - Turnkey Services
GE POWER INDIA LTD,GEPIL,Engineering - Turnkey Services
RAUNAQ EPC INTERNATIONAL LTD,RAUNAQEPC,Engineering - Turnkey Services
SANGHVI MOVERS LTD.,SANGHVIMOV,Engineering - Turnkey Services
ENGINEERS INDIA LTD.,ENGINERSIN,Engineering - Turnkey Services
MSR INDIA LTD.,MSRINDIA,Engineering - Turnkey Services
ARTSON ENGINEERING LTD.,ARTSONEN,Engineering - Turnkey Services
HFCL LTD,HFCL,Engineering - Turnkey Services
RITES LTD,RITES,Engineering - Turnkey Services
ANI INTEGRATED,AISL,Engineering - Turnkey Services
TECHNO ELECTRIC & ENGINEERING COMPANY LTD,TECHNOE,Engineering - Turnkey Services
POWER MECH PROJECTS LTD,POWERMECH,Engineering - Turnkey Services
TRANSWIND INFRA.,TRANSWIND,Engineering - Turnkey Services
G G ENGINEERING LTD,GGENG,Engines
CUMMINS INDIA LTD.,CUMMINSIND,Engines
SWARAJ ENGINES LTD.,SWARAJENG,Engines
GREAVES COTTON LTD.,GREAVESCOT,Engines
DSJ KEEP LEARNING LTD,KEEPLEARN,Entertainment / Electronic Media Software
NEW DELHI TELEVISION LTD.,NDTV,Entertainment / Electronic Media Software
HINDUSTAN MEDIA VENTURES LTD.,HMVL,Entertainment / Electronic Media Software
MEDIA MATRIX WORLDWIDE LTD.,MMWL,Entertainment / Electronic Media Software
JUMP NETWORKS LTD,JUMPNET,Entertainment / Electronic Media Software
Oscar Global Ltd,OSCARGLO,FMCG leather Apparels & Acces.
STERLING TOOLS LTD.,STERTOOLS,Fasteners
SUNDRAM FASTENERS LTD.,SUNDRMFAST,Fasteners
GUJARAT NARMADA VALLEY FERTILIZERS & CHEMICALS LTD.,GNFC,Fertilizers
GUJARAT STATE FERTILIZERS & CHEMICALS LTD.,GSFC,Fertilizers
RAMA PHOSPHATES LTD.,RAMAPHO,Fertilizers
BOHRA INDUSTRIES,BOHRA,Fertilizers
BHARAT AGRI FERT & REALTY LTD.,BHARATAGRI,Fertilizers
COROMANDEL INTERNATIONAL LTD.,COROMANDEL,Fertilizers
MB AGRO PROD.,MBAPL,Fertilizers
FERTILIZERS & CHEMICALS TRAVANCORE LTD.,FACT,Fertilizers
CHAMBAL FERTILISERS & CHEMICALS LTD.,CHAMBLFERT,Fertilizers
MADHYA BHARAT AGRO PRODUCTS LIMITED,MBAPL,Fertilizers & Agrochemicals
GFL LTD,GFLLIMITED,Finance & Investments
AMRADEEP INDUSTRIES LTD.,AMARDEE,Finance & Investments
DELPHI WORLD MONEY LTD,DELPHIFX,Finance & Investments
SASTASUNDAR VENTURES LTD,SASTASUNDR,Finance & Investments
TAMBOLI CAPITAL LTD.,TAMBOLI,Finance & Investments
ODYSSEY CORPORATION LTD.,ODYCORP,Finance & Investments
ADITYA BIRLA CAPITAL LTD,ABCAPITAL,Finance & Investments
J. TAPARIA PROJECTS LTD,JTAPARIA,Finance & Investments
ROSELABS FINANCE LTD.,ROSELABS,Finance & Investments
BALMER LAWRIE INVESTMENTS LTD.,BLIL,Finance & Investments
MOS Utility Ltd,MOS,Financial Technology (Fintech)
Medplus Health Services Ltd,MEDPLUS,Food & Drugs Retailing
SABOO SODIUM CHLORO LTD.,SABOOSOD,Food - Processing - Indian
DFM FOODS LTD.,DFMFOODS,Food - Processing - Indian
MRS. BECTORS FOOD SPECIALITIES LTD,BECTORFOOD,Food - Processing - Indian
LOTUS CHOCOLATE CO.LTD.,LOTUSCHO,Food - Processing - Indian
ZYDUS WELLNESS LTD.,ZYDUSWELL,Food - Processing - Indian
ADF FOODS LTD.,ADFFOODS,Food - Processing - Indian
MISHTANN FOODS LTD,MISHTANN,Food - Processing - Indian
SHAH FOODS LTD.,SHAHFOOD,Food - Processing - Indian
TASTY BITE EATABLES LTD.,TASTYBITE,Food - Processing - Indian
CHAMAN LAL SETIA EXPORTS LTD.,CLSEL,Food - Processing - Indian
HATSUN AGRO PRODUCT LTD.,HATSUN,Food - Processing - Indian
SUPER BAKERS (INDIA) LTD.,SUPERBAK,Food - Processing - Indian
DANGEE DUMS,DANGEE,Food - Processing - Indian
UMANG DAIRIES LTD.,UMANGDAIRY,Food - Processing - Indian
PRATAAP SNACKS LTD,DIAMONDYD,Food - Processing - Indian
UNIQUE ORGANICS LTD.,UNIQUEO,Food - Processing - Indian
MADHUR INDUSTRIES LTD.,MADHURIND,Food - Processing - Indian
HERITAGE FOODS LIMITED,HERITGFOOD,Food - Processing - Indian
ANJANI FOODS LTD,ANJANIFOODS,Food - Processing - Indian
GODREJ AGROVET LTD,GODREJAGRO,Food - Processing - Indian
SHEETAL COOL PRODUCTS LTD,SCPL,Food - Processing - Indian
OCEANIC FOODS LTD,OCEANIC,Food - Processing - Indian
DODLA DAIRY LTD,DODLA,Food - Processing - Indian
GRM OVERSEAS LTD.,GRMOVER,Food - Processing - Indian
SAPTARISHI AGRO INDUSTRIES LTD.,SPTRSHI,Food - Processing - Indian
DECCAN HEALTH CARE LTD,DECCAN,Food - Processing - Indian
HIMALAYA FOOD INTERNATIONAL LTD,HFIL,Food - Processing - Indian
R.T.EXPORTS LTD.,RTEXPO,Food - Processing - Indian
NAKODA GROUP OF INDUSTRIES LTD,NGIL,Food - Processing - Indian
KSE LTD.,KSE,Food - Processing - Indian
VADILAL INDUSTRIES LTD.,VADILALIND,Food - Processing - Indian
FRESHTROP FRUITS LTD.,FRSHTRP,Food - Processing - Indian
EURO INDIA FRESH,EIFFL,Food - Processing - Indian
AVANTI FEEDS LTD.,AVANTIFEED,Food - Processing - Indian
HINDUSTAN FOODS LTD.,HNDFDS,Food - Processing - Indian
CHOTHANI FOODS LTD,CHOTHANI,Food - Processing - Indian
KRBL LTD.,KRBL,Food - Processing - Indian
CHORDIA FOOD PRODUCTS LTD.,CHORDIA,Food - Processing - Indian
VIRAT CRANE INDUSTRIES LTD.,VIRATCRA,Food - Processing - Indian
OVOBEL FOODS LTD.,OVOBELE,Food - Processing - Indian
SPECTRUM FOODS LTD.,SPECFOOD,Food - Processing - Indian
VARUN BEVERAGES LTD,VBL,Food - Processing - Indian
BRITANNIA INDUSTRIES LTD.,BRITANNIA,Food - Processing - MNC
NESTLE INDIA LTD.,NESTLEIND,Food - Processing - MNC
JUBILANT FOODWORKS LTD,JUBLFOOD,Food - Processing - MNC
CAMPUS ACTIVEWEAR LIMITED,CAMPUS,Footwear
REDTAPE LIMITED,REDTAPE,Footwear
Metro Brands Ltd,METROBRAND,Footwear
Transteel Seating Technologies Ltd,TRANSTEEL,Furniture Home Furnishing
C P S Shapers Ltd,CPS,Garments & Apparels
Karnika Industries Ltd,KARNIKA,Garments & Apparels
Vinny Overseas Ltd,VINNY,Garments & Apparels
Ethos Ltd,ETHOSLTD,"Gems, Jewellery And Watches"
"Manoj Vaibhav Gems ""N"" Jewellers Ltd",MVGJL,"Gems, Jewellery And Watches"
LA OPALA RG LTD.,LAOPALA,Glass & Glass Products
BOROSIL RENEWABLES LTD,BORORENEW,Glass & Glass Products
SAINT-GOBAIN SEKURIT INDIA LTD.,SAINTGOBAIN,Glass & Glass Products
BOROSIL LTD,BOROLTD,Glass & Glass Products
ASAHI INDIA GLASS LTD.,ASAHIINDIA,Glass & Glass Products
VIJAYA DIAGNOSTIC CENTRE LIMITED,VIJAYA,HEALTHCARE SERVICE PROVIDERS
KRSNAA DIAGNOSTICS LTD,KRSNAA,Healthcare
NG INDUSTRIES LTD.,NGIND,Healthcare
INDRAPRASTHA MEDICAL CORP.LTD.,INDRAMEDCO,Healthcare
KRISHNA INSTITUTE OF MEDICAL SCIENCES LTD,KIMS,Healthcare
FORTIS HEALTHCARE LTD.,FORTIS,Healthcare
KOVAI MEDICAL CENTER & HOSPITAL LTD.,KOVAI,Healthcare
ASPIRA PATHLAB & DIAGNOSTICS LTD,ASPIRA,Healthcare
DR. LAL PATHLABS LTD,LALPATHLAB,Healthcare
NARAYANA HRUDAYALAYA LTD,NH,Healthcare
GIAN LIFE CARE LTD,GIANLIFE,Healthcare
Family Care Hospitals Ltd,FAMILYCARE,Healthcare
LOOKS HEALTH SERVICES LIMITED,LOOKS,Healthcare
TEJNAKSH HEALTHCARE LTD,TEJNAKSH,Healthcare
POLY MEDICURE LTD.,POLYMED,Healthcare
APOLLO HOSPITALS ENTERPRISE LTD.,APOLLOHOSP,Healthcare
DR LALCHANDANI LABS LTD,DLCL,Healthcare
CONSTRONICS INFRA LTD,CONSTRONIC,Healthcare
Vaidya Sane Ayurved Laboratories Limited,MADHAVBAUG,Healthcare
LOTUS EYE HOSPITAL AND INSTITUTE LTD,LOTUSEYE,Healthcare
MAX HEALTHCARE INSTITUTE LTD,MAXHEALTH,Healthcare
Zydus Lifesciences Limited,ZYDUSLIFE,Healthcare
SHALBY LTD,SHALBY,Healthcare
SHREE PACETRONIX LTD.,SHREEPAC,Healthcare
METROPOLIS HEALTHCARE LTD,METROPOLIS,Healthcare
MEDINOVA DIAGNOSTIC SERVICES LTD.,MEDINOV,Healthcare
HEALTHCARE GLOBAL ENTERPRISES LTD,HCG,Healthcare
THYROCARE TECHNOLOGIES LTD,THYROCARE,Healthcare
KMC SPECIALITY HOSPITALS (INDIA) LTD.,KMCSHIL,Healthcare
RAINBOW CHILDRENS MEDICARE LIMITED,RAINBOW,Healthcare Facilities.
Tarsons Products Ltd,TARSONS,Healthcare Supplies.
Aatmaj Healthcare Ltd,AATMAJ,Hospital
Maitreya Medicare Ltd,MAITREYA,Hospital
Sangani Hospitals Ltd,SANGANI,Hospital
Unihealth Consultancy Ltd,UNIHEALTH,Hospital
Yatharth Hospital & Trauma Care Services Ltd,YATHARTH,Hospital
Global Health Ltd,MEDANTA,Hospitals
WESTLIFE DEVELOPMENT LTD.,WESTLIFE,Hotels
VIDLI RESTAURANTS LTD,VIDLI,Hotels
PHOENIX TOWNSHIP LTD,PHOENIXTN,Hotels
BURGER KING INDIA LTD,RBA,Hotels
BARBEQUE-NATION HOSPITALITY LTD,BARBEQUE,Hotels
GUJARAT HOTELS LTD.,GUJHOTE,Hotels
HOTEL RUGBY LTD.,HOTELRUGBY,Hotels
BENARES HOTELS LTD.,BENARAS,Hotels
DEVYANI INTERNATIONAL LTD,DEVYANI,Hotels
APOLLO SINDOORI,APOLSINHOT,Hotels
Elin Electronics Ltd,ELIN,Household Appliances
Greenchef Appliances Ltd,GREENCHEF,Household Appliances
Cello World Ltd,CELLO,Houseware
Latent View Analytics Ltd,LATENTVIEW,IT Consulting & Software
RateGain Travel Technologies Ltd,RATEGAIN,IT Consulting & Software
QUADPRO ITES LIMITED,QUADPRO,IT ENABLED SERVICES - SOFTWARE
Sahana Systems Ltd,SAHANA,IT Enabled Services
Vertexplus Technologies Ltd,VERTEXPLUS,IT Enabled Services
ROX Hi-Tech Ltd,ROXHITECH,IT Enabled Services
Tata Technologies Ltd,TATATECH,IT Enabled Services
VL E-GOVERNANCE & IT SOLUTIONS LIMITED,VLEGOV,IT Enabled Services
eMudhra Ltd,EMUDHRA,IT Enabled Services
PlatinumOne Business Services Ltd,POBS,IT Software & Services - BPO
First Fintec Ltd,FIRSTFIN,IT Software Products
Syrma SGS Technology Ltd,SYRMA,Industrial Electronics
Tega Industries Ltd,TEGA,Industrial Machinery
G.G.DANDEKAR MACHINE WORKS LTD.,GGDANDE,Industrial Machinery
GALAXY AGRICO EXPORTS LTD,GALAGEX,Industrial Machinery.
ISHAN INTERNATIONAL LIMITED,ISHAN,Industrial Products
Kaynes Technology India Ltd,KAYNES,Industrial Products
Uniparts India Ltd,UNIPARTS,Industrial Products
Cyient DLM Ltd,CYIENTDLM,Industrial Products
Vinyas Innovative Technologies Ltd,VINYAS,Industrial Products
Global Pet Industries Ltd,GLOBALPET,Industrial Products
FSN E-Commerce Ventures Ltd,NYKAA,Internet & Catalogue Retail
BEML LAND ASSETS LIMITED,BLAL,Investment Company
NMDC Steel Ltd,NSLNISP,Iron & Steel
De Neers Tools Ltd,DENEERS,Iron & Steel Products
Ratnaveer Precision Engineering Ltd,RATNAVEER,Iron & Steel Products
Venus Pipes & Tubes Ltd,VENUSPIPES,Iron & Steel Products
Aeroflex Industries Ltd,AEROFLEX,Iron & Steel Products
Krishca Strapping Solutions Ltd,KRISHCA,Iron & Steel Products
KOTYARK INDUSTRIES LIMITED,KOTYARK,LPG/CNG/PNG/LNG SUPPLIER
IRM ENERGY LTD,IRMENERGY,LPG/CNG/PNG/LNG Supplier
MIRZA INTERNATIONAL LTD.,MIRZAINT,Leather / Leather Products
RELAXO FOOTWEARS LTD.,RELAXO,Leather / Leather Products
BATA INDIA LTD.,BATAINDIA,Leather / Leather Products
SREELEATHERS LTD.,SREEL,Leather / Leather Products
TVS Supply Chain Solutions Ltd,TVSSCS,Logistics Solution Provider
OneClick Logistics India Ltd,OLIL,Logistics Solution Provider
Transvoy Logistics India Ltd,TRANSVOY,Logistics Solution Provider
Zeal Global Services Ltd,ZEAL,Logistics Solution Provider
Committed Cargo Care Ltd,COMMITTED,Logistics Solution Provider
Gandhar Oil Refinery (India) Ltd,GANDHAR,Lubricants
HMA Agro Industries Ltd,HMAAGRO,Meat Products including Poultry
QMS MEDICAL ALLIED SERVICES LIMITED,QMSMEDI,Medical Equipment & Supplies
Vasa Denticity Ltd,DENTALKART,Medical Equipment & Supplies
GRAVITA INDIA LTD.,GRAVITA,Mining / Minerals / Metals
COAL INDIA LTD.,COALINDIA,Mining / Minerals / Metals
ORISSA MINERALS DEVELOPMENT COMPANY LTD.,ORISSAMINE,Mining / Minerals / Metals
SARTHAK METALS LTD,SMLT,Mining / Minerals / Metals
MOIL LTD.,MOIL,Mining / Minerals / Metals
HINDUSTAN COPPER LTD.,HINDCOPPER,Mining / Minerals / Metals
FACOR ALLOYS LTD.,FACORALL,Mining / Minerals / Metals
SHYAM CENTURY FERROUS LTD,SHYAMCENT,Mining / Minerals / Metals
TINPLATE COMPANY OF INDIA LTD.,TINPLATE,Mining / Minerals / Metals
SHILP GRAVURES LTD.,SHILGRAVQ,Mining / Minerals / Metals
CUBEX TUBINGS LTD.,CUBEXTUB,Mining / Minerals / Metals
INDIAN METALS & FERRO ALLOYS LTD.,IMFA,Mining / Minerals / Metals
PRECISION WIRES INDIA LTD.,PRECWIRE,Mining / Minerals / Metals
KACHCHH MINERALS LTD.,KACHCHH,Mining / Minerals / Metals
MANAKSIA LTD.,MANAKSIA,Mining / Minerals / Metals
ELANGO INDUSTRIES LTD.,ELANGO,Mining / Minerals / Metals
SOUTHERN MAGNESIUM & CHEMICALS LTD.,SOUTHMG,Mining / Minerals / Metals
KIOCL LTD,KIOCL,Mining / Minerals / Metals
ASI INDUSTRIES LTD,ASIIL,Mining / Minerals / Metals
MAITHAN ALLOYS LTD.,MAITHANALL,Mining / Minerals / Metals
SANDUR MANGANESE & IRON ORES LTD.,SANDUMA,Mining / Minerals / Metals
SOUTH WEST PINN.,SOUTHWEST,Mining / Minerals / Metals
MADHAV COPPER,MCL,Mining / Minerals / Metals
NILE LTD.,NILE,Mining / Minerals / Metals
GUJARAT MINERAL DEVELOPMENT CORPORATION LTD.,GMDCLTD,Mining / Minerals / Metals
NMDC LTD.,NMDC,Mining / Minerals / Metals
NAGPUR POWER & INDUSTRIES LTD.,NAGPI,Mining / Minerals / Metals
Millennium Online Solutions ( India ) Ltd,MILLENNIUM,Misc.Commercial Services
PIX TRANSMISSIONS LTD.,PIXTRANS,Miscellaneous
BOMBAY SUPER HYB,BSHSL,Miscellaneous
MM RUBBER COMPANY LTD.,MMRUBBR-B,Miscellaneous
MUKTA AGRICULTURE LTD,MUKTA,Miscellaneous
BANKA BIOLOO,BANKA,Miscellaneous
PETRONET LNG LTD.,PETRONET,Miscellaneous
PRAVEG COMMUNICATIONS (INDIA) LTD,PRAVEG,Miscellaneous
NATH BIO-GENES (INDIA) LTD,NATHBIOGEN,Miscellaneous
SHANTI EDUCATIONAL INITIATIVES LTD,SEIL,Miscellaneous
GENESIS IBRC INDIA LTD,GENESIS,Miscellaneous
NAVKAR CORPORATION LTD,NAVKARCORP,Miscellaneous
NATURAL CAPSULES LTD.,NATCAPSUQ,Miscellaneous
POKARNA LTD.,POKARNA,Miscellaneous
PTL ENTERPRISES LTD.,PTL,Miscellaneous
S&T CORPORATION LTD.,STCORP,Miscellaneous
WELLNESS NONI LTD.,WELLNESS,Miscellaneous
ECO RECYCLING LTD.,ECORECO,Miscellaneous
SANGHVI BRANDS LTD,SBRANDS,Miscellaneous
ORISSA BENGAL CARRIER LTD,OBCL,Miscellaneous
NMS RESOURCES GLOBAL LTD,NMSRESRC,Miscellaneous
RISHIROOP LTD,RISHIROOP,Miscellaneous
EKI ENERGY SERVICES LTD,EKI,Miscellaneous
GAIL (INDIA) LTD.,GAIL,Miscellaneous
RITHWIK FACILITY MANAGEMENT SERVICES LTD,RITHWIKFMS,Miscellaneous
DRS DILIP ROAD,DRSDILIP,Miscellaneous
RUBFILA INTERNATIONAL LTD.,RUBFILA,Miscellaneous
RAJASTHAN PETRO SYNTHETICS LTD.,RAJSPTR,Miscellaneous
PARTY CRUISERS,PARTYCRUS,Miscellaneous
PATEL INTEGRATED LOGISTICS LTD.,PATINTLOG,Miscellaneous
GARWARE MARINE INDUSTRIES LTD.,GARWAMAR,Miscellaneous
ELEGANT MARBLES & GRANI INDUSTRIES LTD.,ELEMARB,Miscellaneous
GATEWAY DISTRIPARKS LTD.,GATEWAY,Miscellaneous
OCEANAA BIOTEK INDUSTRIES LTD,OBIL,Miscellaneous
SANCO TRANS LTD.,SANCTRN,Miscellaneous
OTCO INTERNATIONAL LTD.,OTCO,Miscellaneous
MANGALAM SEEDS LTD,MSL,Miscellaneous
PRESSMAN ADVERTISING LIMITED,PRESSMN,Miscellaneous
WALCHAND PEOPLEFIRST LTD.,WALCHPF,Miscellaneous
VIMTA LABS LTD.,VIMTALABS,Miscellaneous
PRITHVI EXCHANGE (INDIA) LTD,PRITHVIEXCH,Miscellaneous
VENKY'S (INDIA) LTD.,VENKEYS,Miscellaneous
AJOONI BIOTECH,AJOONI,Miscellaneous
GREENPANEL INDUSTRIES LTD,GREENPANEL,Miscellaneous
SONAM CLOCK,SONAMCLOCK,Miscellaneous
DEEP ENERGY RESOURCES LTD,DEEPENR,Miscellaneous
JEEVAN SCIENTIFIC TECHNOLOGY LTD,JSTL,Miscellaneous
GREENLAM INDUSTRIES LTD,GREENLAM,Miscellaneous
TRANSPORT CORPORATION OF INDIA LTD.,TCI,Miscellaneous
AARVI ENCON,AARVI,Miscellaneous
CUPID LTD.,CUPID,Miscellaneous
KEERTI KNOWLEDGE,KEERTI,Miscellaneous
KNOWLEDGE MARINE & ENGINEERING WORKS LTD,KMEW,Miscellaneous
AFFLE (INDIA) LTD,AFFLE,Miscellaneous
MAESTROS ELECTRONICS & TELECOMMUNICATIONS SYSTEMS LTD,METSL,Miscellaneous
CENTURY PLYBOARDS (I) LTD.,CENTURYPLY,Miscellaneous
GUJARAT GAS LTD,GUJGASLTD,Miscellaneous
TAAZA INTERNATIONAL LTD,TAAZAINT,Miscellaneous
LANCER CONTAINER LINES LTD,LANCER,Miscellaneous
SUVIDHAA INFOSERVE LTD,SUVIDHAA,Miscellaneous
TIMEX GROUP INDIA LTD.,TIMEX,Miscellaneous
VERTOZ ADVERTIS.,VERTOZ,Miscellaneous
ALLCARGO LOGISTICS LTD.,ALLCARGO,Miscellaneous
GUJARAT STATE PETRONET LTD.,GSPL,Miscellaneous
SUN PHARMA ADVANCED RESEARCH COMPANY LTD.,SPARC,Miscellaneous
CRISIL LTD.,CRISIL,Miscellaneous
DIVYASHAKTI GRANITES LTD.,DIVSHKT,Miscellaneous
DEEP INDUSTRIES LTD,DEEPINDS,Miscellaneous
TOTAL TRANSPORT,TOTAL,Miscellaneous
GUJARAT PIPAVAV PORT LTD.,GPPL,Miscellaneous
STYLAM INDUSTRIES LIMITED,STYLAMIND,Miscellaneous
TOUCHWOOD ENTER.,TOUCHWOOD,Miscellaneous
SWASTI VINAYAKA ART AND HERITAGE CORPORATION LTD,SVARTCORP,Miscellaneous
TIGER LOGISTICS (INDIA) LTD,TIGERLOGS,Miscellaneous
CL EDUCATE LTD,CLEDUCATE,Miscellaneous
CONTAINER CORPORATION OF INDIA LTD.,CONCOR,Miscellaneous
KDDL LTD.,KDDL,Miscellaneous
MAHANAGAR GAS LTD,MGL,Miscellaneous
MADHAV MARBLES & GRANITES LTD.,MADHAV,Miscellaneous
DHRUV CONSULTANCY SERVICES LTD,DHRUV,Miscellaneous
COMPUTER AGE MANAGEMENT SERVICES LTD,CAMS,Miscellaneous
SIS LTD,SIS,Miscellaneous
TEAMLEASE SERVICES LTD,TEAMLEASE,Miscellaneous
CONFIDENCE PETROLEUM INDIA LTD.,CONFIPET,Miscellaneous
C D S L,CDSL,Miscellaneous
APCOTEX INDUSTRIES LTD.,APCOTEXIND,Miscellaneous
MILESTONE GLOBAL LTD.,MILESTONE,Miscellaneous
MATRIMONY.COM LTD,MATRIMONY,Miscellaneous
ADANI TOTAL GAS LTD,ATGL,Miscellaneous
ACE INTEGRATED,ACEINTEG,Miscellaneous
INDIAMART INTERMESH LTD,INDIAMART,Miscellaneous
DRA CONSULTANTS LTD,DRA,Miscellaneous
INFO EDGE (INDIA) LTD.,NAUKRI,Miscellaneous
INDIAN ENERGY EXCHANGE LTD,IEX,Miscellaneous
DRC SYSTEMS INDIA LTD,DRCSYSTEMS,Miscellaneous
JUBILANT INGREVIA LTD,JUBLINGREA,Miscellaneous
JUST DIAL LTD.,JUSTDIAL,Miscellaneous
SHREEJI TRANSLOGISTICS LTD,STL,Miscellaneous
VRL LOGISTICS LTD,VRLLOG,Miscellaneous
INDAG RUBBER LTD.,INDAG,Miscellaneous
KAVERI SEED COMPANY LTD.,KSCL,Miscellaneous
TREE HOUSE EDUCATION & ACCESSORIES LTD.,TREEHOUSE,Miscellaneous
MAHINDRA LOGISTICS LTD,MAHLOG,Miscellaneous
AJANTA SOYA LTD.,AJANTSOY,Miscellaneous
JK AGRI GENETICS LTD,JK AGRI,Miscellaneous
COCHIN SHIPYARD LTD,COCHINSHIP,Miscellaneous
SHREEOSWAL SEEDS,OSWALSEEDS,Miscellaneous
ACEWIN AGRITECK LTD,ACEWIN,Miscellaneous
INDRAPRASTHA GAS LTD.,IGL,Miscellaneous
GLOBAL EDUCATION,GLOBAL,Miscellaneous
INTEGRATED CAPITAL SERVICES LTD,ICSL,Miscellaneous
VEGETABLE PRODUCTS LTD,VEGETABLE,Miscellaneous
V.I.P.INDUSTRIES LTD.,VIPIND,Moulded Luggage
SAFARI INDUSTRIES (INDIA) LTD.,SAFARI,Moulded Luggage
HAZOOR MULTI PROJECTS LTD.,HAZOOR,Movies & Entertainment
JINDAL DRILLING & INDUSTRIES LTD.,JINDRILL,Oil Drilling / Allied Services
ALPHAGEO (INDIA) LTD.,ALPHAGEO,Oil Drilling / Allied Services
AAKASH EXPLOR.,AAKASH,Oil Drilling / Allied Services
ASIAN ENERGY SERVICES LTD,ASIANENE,Oil Drilling / Allied Services
DUKE OFFSHORE LTD.,DUKEOFS,Oil Drilling / Allied Services
Nirman Agri Genetics Ltd,NIRMAN,Other Agricultural Products
OROSIL SMITHS INDIA LTD.,OROSMITHS,Other Apparels & Accessories
SK International Export Ltd,SKIEL,Other Apparels & Accessories
Go Fashion (India) Ltd,GOCOLORS,Other Apparels & Accessories
Vishnusurya Projects and Infra Ltd,VISHNUINFR,Other Construction Materials
MCON Rasayan India Ltd,MCON,Other Construction Materials
E Factor Experiences Ltd,EFACTOR,Other Consumer Services
Oriana Power Ltd,ORIANA,Other Electrical Equipment
Avalon Technologies Ltd,AVALON,Other Electrical Equipment
Rishabh Instruments Ltd,RISHABH,Other Electrical Equipment
Saakshi Medtech & Panels Ltd,SAAKSHI,Other Electrical Equipment
Nexus Surgical And Medicare Ltd,NEXUSSURGL,Other Financial Services
SRIVARI SPICES AND FOODS LIMITED,SSFL,Other Food Products
Baba Food Processing India Ltd,BABAFP,Other Food Products
Proventus Agrocom Ltd,PROV,Other Food Products
Madhusudan Masala Ltd,MADHUSUDAN,Other Food Products
Goyal Salt Ltd,GOYALSALT,Other Food Products
Srivari Spices & Foods Ltd,SSFL,Other Food Products
Harsha Engineers International Ltd,HARSHA,Other Industrial Products
Srivasavi Adhesive Tapes Ltd,SRIVASAVI,Other Industrial Products
Holmarc Opto-Mechatronics Ltd,HOLMARC,Other Industrial Products
AMEYA PRECISION ENGINEERS LIMITED,AMEYA,Other Industrial Products
VARANIUM CLOUD LIMITED,CLOUD,Other Telecom Services
VIVO COLLABORATION SOLUTIONS LIMITED,VIVO,Other Telecom Services
Prabhhans Industries Ltd,PRABHHANS,Other Textile Products
Sahaj Fashions Ltd,SAHAJ,Other Textile Products
Inox Green Energy Services Ltd,INOXGREEN,Other Utilities
D.K. ENTERPRISES GLOBAL LIMITED,DKEGL,PACKAGING
Magson Retail and Distribution Ltd,MAGSON,Packaged Foods
PANJON LTD.,PANJON,Packaged Foods
ANNAPURNA SWADISHT LIMITED,ANNAPURNA,Packaged Foods
GARWARE HI-TECH FILMS LTD,GRWRHITECH,Packaging
KAIRA CAN CO.LTD.,KAIRA,Packaging
WAAREE TECHNOLOGIES LTD,WAAREE,Packaging
RAJESHWARI CANS LTD,RCAN,Packaging
SHREE RAMA MULTI-TECH LTD.,SHREERAMA,Packaging
EPL LTD,EPL,Packaging
COMMERCIAL SYN BAGS LTD,COMSYN,Packaging
POLYPLEX CORPORATION LTD.,POLYPLEX,Packaging
COOL CAPS INDUSTRIES LIMITED,COOLCAPS,Packaging
HUHTAMAKI INDIA LTD,HUHTAMAKI,Packaging
SHRI JAGDAMBA POLYMERS LTD.,SHRJAGP,Packaging
Pyramid Technoplast Ltd,PYRAMID,Packaging
TPL PLASTECH LTD.,TPLPLASTEH,Packaging
EVEREST KANTO CYLINDER LTD.,EKC,Packaging
Rex Sealing & Packing Industries Ltd,REXSEAL,Packaging
PERFECTPAC LTD.,PERFEPA,Packaging
RAJ PACKAGING INDUSTRIES LTD.,RAJPACK,Packaging
ECOPLAST LTD.,ECOPLAST,Packaging
Sah Polymers Ltd,SAH,Packaging
SONAL ADHESIVES LTD.,SONALAD,Packaging
NAHAR POLYFILMS LTD.,NAHARPOLY,Packaging
ORICON ENTERPRISES LTD.,ORICONENT,Packaging
DUROPACK LTD.,DUROPACK,Packaging
B&A PACKAGING INDIA LIMITED,BAPACK,Packaging
HITECH CORPORATION LTD,HITECHCORP,Packaging
CONTROL PRINT LTD.,CONTROLPR,Packaging
Bikaji Foods International Ltd,BIKAJI,Packaging Foods
INDIGO PAINTS LTD,INDIGOPNTS,Paints / Varnishes
YUG DECOR LTD,YUG,Paints / Varnishes
ASIAN PAINTS LTD.,ASIANPAINT,Paints / Varnishes
KANSAI NEROLAC PAINTS LTD.,KANSAINER,Paints / Varnishes
SHALIMAR PAINTS LTD.,SHALPAINTS,Paints / Varnishes
BERGER PAINTS INDIA LTD.,BERGEPAINT,Paints / Varnishes
AKZO NOBEL INDIA LIMITED,AKZOINDIA,Paints / Varnishes
STAR PAPER MILLS LTD.,STARPAPER,Paper
PUDUMJEE PAPER PRODUCTS LTD,PDMJEPAPER,Paper
G. K. P. PRINTING & PACKAGING LTD,GKP,Paper
WEST COAST PAPER MILLS LTD.,WSTCSTPAPR,Paper
DANUBE INDUSTRIES LTD,DANUBE,Paper
SESHASAYEE PAPER & BOARDS LTD.,SESHAPAPER,Paper
CENTURY TEXTILES & INDUSTRIES LTD.,CENTURYTEX,Paper
ANDHRA PAPER LTD,ANDHRAPAP,Paper
B&B TRIPLEWALL,BBTCL,Paper
WORTH PERIPHERAL,WORTH,Paper
SHREYANS INDUSTRIES LTD.,SHREYANIND,Paper
RUCHIRA PAPERS LTD.,RUCHIRA,Paper
GRATEX INDUSTRIES LTD.,GRATEXI,Paper & Paper Products
PAKKA LIMITED,PAKKA,Paper & Paper Products
Mercury Ev-Tech Ltd,MERCURYEV,Passenger Cars & Utility Vehicles
Honasa Consumer Ltd,HONASA,Personal Care
GKB OPHTHALMICS LTD.,GKB,Personal Care - Indian
GODREJ CONSUMER PRODUCTS LTD.,GODREJCP,Personal Care - Indian
ADOR MULTIPRODUCTS LTD.,ADORMUL,Personal Care - Indian
MARICO LTD.,MARICO,Personal Care - Indian
BAJAJ CONSUMER CARE LTD,BAJAJCON,Personal Care - Indian
EMAMI LTD.,EMAMILTD,Personal Care - Indian
RADIX INDUSTRIES (INDIA) LIMITED,RADIXIND,Personal Care - Indian
JHS SVENDGAARD LABORATORIES LTD.,JHS,Personal Care - Indian
JYOTHY LABS LTD,JYOTHYLAB,Personal Care - Indian
DABUR INDIA LTD.,DABUR,Personal Care - Indian
GILLETTE INDIA LTD.,GILLETTE,Personal Care - Multinational
HINDUSTAN UNILEVER LTD.,HINDUNILVR,Personal Care - Multinational
COLGATE-PALMOLIVE (INDIA) LTD.,COLPAL,Personal Care - Multinational
PROCTER & GAMBLE HYGIENE & HEALTH CARE LTD.,PGHH,Personal Care - Multinational
Dreamfolks Services Limited,DREAMFOLKS,Personal Services
Dharmaj Crop Guard Ltd,DHARMAJ,Pesticides & Agrochemicals
SHIVALIK RASAYAN LTD,SHIVALIK,Pesticides / Agrochemicals - Indian
MEGHMANI ORGANICS LTD.,MEGH,Pesticides / Agrochemicals - Indian
SHARDA CROPCHEM LTD,SHARDACROP,Pesticides / Agrochemicals - Indian
INSECTICIDES (INDIA) LTD.,INSECTICID,Pesticides / Agrochemicals - Indian
PI INDUSTRIES LTD,PIIND,Pesticides / Agrochemicals - Indian
BHAGIRADHA CHEMICALS & INDUSTRIES LTD.,BHAGCHEM,Pesticides / Agrochemicals - Indian
AIMCO PESTICIDES LTD.,AIMCOPEST,Pesticides / Agrochemicals - Indian
BEST AGROLIFE LTD,BESTAGRO,Pesticides / Agrochemicals - Indian
PAUSHAK LTD.,PAUSHAKLTD,Pesticides / Agrochemicals - Indian
KILPEST INDIA LTD.,KILPEST,Pesticides / Agrochemicals - Indian
HERANBA INDUSTRIES LTD,HERANBA,Pesticides / Agrochemicals - Indian
INDIA PESTICIDES LTD,IPL,Pesticides / Agrochemicals - Indian
DHANUKA AGRITECH LTD.,DHANUKA,Pesticides / Agrochemicals - Indian
BHARAT RASAYAN LTD.,BHARATRAS,Pesticides / Agrochemicals - Indian
SUMITOMO CHEMICAL INDIA LTD,SUMICHEM,Pesticides / Agrochemicals - Indian
ASTEC LIFESCIENCES LIMITED,ASTEC,Pesticides / Agrochemicals - Indian
RALLIS INDIA LTD.,RALLIS,Pesticides / Agrochemicals - Indian
SIKKO INDUSTRIES,SIKKO,Pesticides / Agrochemicals - Indian
BAYER CROPSCIENCE LTD.,BAYERCROP,Pesticides / Agrochemicals - Multinational
AGARWAL INDUSTRIAL CORPORATION LTD.,AGARIND,Petrochemicals
SUPREME PETROCHEM LTD.,SUPPETRO,Petrochemicals
SAVITA OIL TECHNOLOGIES LTD.,SOTL,Petrochemicals
PANAMA PETROCHEM LTD.,PANAMAPET,Petrochemicals
POLYCHEM LTD.,POLYCHEM,Petrochemicals
INEOS STYROLUTION INDIA LTD,INEOSSTYRO,Petrochemicals
KOTHARI PETROCHEMICALS LTD.,KOTHARIPET,Petrochemicals
BHANSALI ENGINEERING POLYMERS LTD.,BEPL,Petrochemicals
MANALI PETROCHEMICAL LTD.,MANALIPETC,Petrochemicals
Vilin Bio Med Ltd,VILINBIO,Pharmaceuticals
Blue Jet Healthcare Ltd,BLUEJET,Pharmaceuticals
Infinium Pharmachem Ltd,INFINIUM,Pharmaceuticals
JEENA SIKHO LIFECARE LIMITED,JSLL,Pharmaceuticals
Supriya Lifescience Ltd,SUPRIYA,Pharmaceuticals
Aarti Pharmalabs Ltd1,AARTIPHARM,Pharmaceuticals
Remus Pharmaceuticals Ltd,REMUS,Pharmaceuticals
Sigachi Industries Ltd,SIGACHI,Pharmaceuticals
Ami Organics Ltd,AMIORG,Pharmaceuticals
Sunrest Lifescience Ltd,SUNREST,Pharmaceuticals
Mankind Pharma Ltd,MANKIND,Pharmaceuticals
Sotac Pharmaceuticals Ltd,SOTAC,Pharmaceuticals
MEDI-CAPS LTD.,MEDICAPQ,Pharmaceuticals
Medico Remedies Ltd,MEDICO,Pharmaceuticals
KIMIA BIOSCIENCES LTD,KIMIABL,Pharmaceuticals - Indian - Bulk Drugs
PAR DRUGS & CHE.,PAR,Pharmaceuticals - Indian - Bulk Drugs
FERMENTA BIOTECH LTD,FERMENTA,Pharmaceuticals - Indian - Bulk Drugs
NEULAND LABORATORIES LTD.,NEULANDLAB,Pharmaceuticals - Indian - Bulk Drugs
PANCHSHEEL ORGANICS LTD.,PANCHSHEEL,Pharmaceuticals - Indian - Bulk Drugs
NGL FINE-CHEM LTD.,NGLFINE,Pharmaceuticals - Indian - Bulk Drugs
GRANULES INDIA LTD.,GRANULES,Pharmaceuticals - Indian - Bulk Drugs
AURO LABORATORIES LTD.,AUROLAB,Pharmaceuticals - Indian - Bulk Drugs
SAMRAT PHARMACHEM LTD.,SAMRATPH,Pharmaceuticals - Indian - Bulk Drugs
SMRUTHI ORGANICS LTD,SMRUTHIORG,Pharmaceuticals - Indian - Bulk Drugs
BETA DRUGS LTD,BETA,Pharmaceuticals - Indian - Bulk Drugs
TRANSCHEM LTD.,TRANSCHEM,Pharmaceuticals - Indian - Bulk Drugs
JUBILANT PHARMOVA LTD,JUBLPHARMA,Pharmaceuticals - Indian - Bulk Drugs
AARTI DRUGS LTD.,AARTIDRUGS,Pharmaceuticals - Indian - Bulk Drugs
DENIS CHEM LAB LTD,DENISCHEM,Pharmaceuticals - Indian - Bulk Drugs
SMS PHARMACEUTICALS LTD.,SMSPHARMA,Pharmaceuticals - Indian - Bulk Drugs
ISHITA DRUGS & INDUSTRIES LTD.,ISHITADR,Pharmaceuticals - Indian - Bulk Drugs
LUPIN LTD.,LUPIN,Pharmaceuticals - Indian - Bulk Drugs
GUJARAT THEMIS BIOSYN LTD.,GUJTHEM,Pharmaceuticals - Indian - Bulk Drugs
ANUH PHARMA LTD.,ANUHPHR,Pharmaceuticals - Indian - Bulk Drugs
SHILPA MEDICARE LTD.,SHILPAMED,Pharmaceuticals - Indian - Bulk Drugs
GENNEX LABORATORIES LTD.,GENNEX,Pharmaceuticals - Indian - Bulk Drugs
DIVI'S LABORATORIES LTD.,DIVISLAB,Pharmaceuticals - Indian - Bulk Drugs
CHEMO PHARMA LABORATORIES LTD.,CHEMOPH,Pharmaceuticals - Indian - Bulk Drugs
HIKAL LTD.,HIKAL,Pharmaceuticals - Indian - Bulk Drugs
GLAND PHARMA LTD,GLAND,Pharmaceuticals - Indian - Bulk Drugs
SEQUENT SCIENTIFIC LTD.,SEQUENT,Pharmaceuticals - Indian - Bulk Drugs
KWALITY PHARMACEUTICALS LTD,KPL,Pharmaceuticals - Indian - Bulk Drugs
MARKSANS PHARMA LTD.,MARKSANS,Pharmaceuticals - Indian - Bulk Drugs
SHREE GANESH BIOTECH (INDIA) LTD,SHREEGANES,Pharmaceuticals - Indian - Bulk Drugs & Formln
J B CHEMICALS & PHARMACEUTICALS LTD.,JBCHEPHARM,Pharmaceuticals - Indian - Bulk Drugs & Formln
ANUPAM RASAYAN INDIA LTD,ANURAS,Pharmaceuticals - Indian - Bulk Drugs & Formln
MOREPEN LABORATORIES LTD.,MOREPENLAB,Pharmaceuticals - Indian - Bulk Drugs & Formln
LASA SUPERGENERICS LTD,LASA,Pharmaceuticals - Indian - Bulk Drugs & Formln
SAKAR HEALTHCARE,SAKAR,Pharmaceuticals - Indian - Bulk Drugs & Formln
ALEMBIC PHARMACEUTICALS LTD.,APLLTD,Pharmaceuticals - Indian - Bulk Drugs & Formln
VIKRAM THERMO (INDIA) LTD.,VIKRAMTH,Pharmaceuticals - Indian - Bulk Drugs & Formln
UNICHEM LABORATORIES LTD.,UNICHEMLAB,Pharmaceuticals - Indian - Bulk Drugs & Formln
CIPLA LTD.,CIPLA,Pharmaceuticals - Indian - Bulk Drugs & Formln
SYNGENE INTERNATIONAL LTD,SYNGENE,Pharmaceuticals - Indian - Bulk Drugs & Formln
SYSCHEM (INDIA) LTD.,SYSCHEM,Pharmaceuticals - Indian - Bulk Drugs & Formln
ALEMBIC LTD.,ALEMBICLTD,Pharmaceuticals - Indian - Bulk Drugs & Formln
CADILA HEALTHCARE LTD.,CADILAHC,Pharmaceuticals - Indian - Bulk Drugs & Formln
WELCURE DRUGS & PHARMACEUTICALS LTD.,WELCURE,Pharmaceuticals - Indian - Bulk Drugs & Formln
BIOCON LTD.,BIOCON,Pharmaceuticals - Indian - Bulk Drugs & Formln
SHREE GANESH REMEDIES LTD,SGRL,Pharmaceuticals - Indian - Bulk Drugs & Formln
EARUM PHARMACEUTICALS LTD,EARUM,Pharmaceuticals - Indian - Bulk Drugs & Formln
RPG LIFE SCIENCES LTD.,RPGLIFE,Pharmaceuticals - Indian - Bulk Drugs & Formln
SOURCE NATURAL FOODS & HERBAL SUPPL LTD.,SOURCENTRL,Pharmaceuticals - Indian - Bulk Drugs & Formln
IPCA LABORATORIES LTD.,IPCALAB,Pharmaceuticals - Indian - Bulk Drugs & Formln
DR.REDDY'S LABORATORIES LTD.,DRREDDY,Pharmaceuticals - Indian - Bulk Drugs & Formln
LYKA LABS LTD.,LYKALABS,Pharmaceuticals - Indian - Bulk Drugs & Formln
SOLARA ACTIVE PHARMA SCIENCES LTD,SOLARA,Pharmaceuticals - Indian - Bulk Drugs & Formln
SUVEN PHARMACEUTICALS LTD,SUVENPHAR,Pharmaceuticals - Indian - Bulk Drugs & Formln
NATCO PHARMA LTD.,NATCOPHARM,Pharmaceuticals - Indian - Bulk Drugs & Formln
JAGSONPAL PHARMACEUTICALS LTD.,JAGSNPHARM,Pharmaceuticals - Indian - Bulk Drugs & Formln
TITAN BIOTECH LTD.,TITANBIO,Pharmaceuticals - Indian - Bulk Drugs & Formln
PANACEA BIOTEC LTD.,PANACEABIO,Pharmaceuticals - Indian - Bulk Drugs & Formln
TORRENT PHARMACEUTICALS LTD.,TORNTPHARM,Pharmaceuticals - Indian - Bulk Drugs & Formln
INDOCO REMEDIES LTD.,INDOCO,Pharmaceuticals - Indian - Bulk Drugs & Formln
BROOKS LABORATORIES LTD.,BROOKS,Pharmaceuticals - Indian - Bulk Drugs & Formln
KOPRAN LTD.,KOPRAN,Pharmaceuticals - Indian - Bulk Drugs & Formln
ZOTA HEALTH CARE,ZOTA,Pharmaceuticals - Indian - Bulk Drugs & Formln
AUROBINDO PHARMA LTD.,AUROPHARMA,Pharmaceuticals - Indian - Bulk Drugs & Formln
GUFIC BIOSCIENCES LTD.,GUFICBIO,Pharmaceuticals - Indian - Bulk Drugs & Formln
FDC LTD.,FDC,Pharmaceuticals - Indian - Bulk Drugs & Formln
IOL CHEMICALS & PHARMACEUTICALS LTD.,IOLCP,Pharmaceuticals - Indian - Bulk Drugs & Formln
THEMIS MEDICARE LTD.,THEMISMED,Pharmaceuticals - Indian - Bulk Drugs & Formln
ORTIN LABORATORIES LTD,ORTINLAB,Pharmaceuticals - Indian - Bulk Drugs & Formln
GLENMARK PHARMACEUTICALS LTD.,GLENMARK,Pharmaceuticals - Indian - Bulk Drugs & Formln
GLENMARK LIFE SCIENCES LTD,GLS,Pharmaceuticals - Indian - Bulk Drugs & Formln
ALKEM LABORATORIES LTD,ALKEM,Pharmaceuticals - Indian - Bulk Drugs & Formln
PHAARMASIA LTD.,PHRMASI,Pharmaceuticals - Indian - Bulk Drugs & Formln
SANJIVANI PARANTERAL LTD.,SANJIVIN,Pharmaceuticals - Indian - Formulations
MEDICAMEN BIOTECH LTD.,MEDICAMEQ,Pharmaceuticals - Indian - Formulations
HESTER BIOSCIENCES LTD.,HESTERBIO,Pharmaceuticals - Indian - Formulations
DECIPHER LABS LTD,DECIPHER,Pharmaceuticals - Indian - Formulations
AMRUTANJAN HEALTH CARE LTD.,AMRUTANJAN,Pharmaceuticals - Indian - Formulations
WINDLAS BIOTECH LTD,WINDLAS,Pharmaceuticals - Indian - Formulations
ALPA LABORATORIES LTD.,ALPA,Pharmaceuticals - Indian - Formulations
FREDUN PHARMACEUTICALS LTD,FREDUN,Pharmaceuticals - Indian - Formulations
BIOFIL CHEMICALS & PHARMACEUTICALS LTD.,BIOFILCHEM,Pharmaceuticals - Indian - Formulations
LAURUS LABS LTD,LAURUSLABS,Pharmaceuticals - Indian - Formulations
MERCURY LABORATORIES LTD,MERCURYLAB,Pharmaceuticals - Indian - Formulations
SYNCOM FORMULATIONS (INDIA) LTD.,SYNCOMF,Pharmaceuticals - Indian - Formulations
m,KILITCH,Pharmaceuticals - Indian - Formulations
VEERHEALTH CARE LIMITED,VEERHEALTH,Pharmaceuticals - Indian - Formulations
AMBALAL SARABHAI ENTERPRISES LTD.,AMBALALSA,Pharmaceuticals - Indian - Formulations
ARVEE LABORAT.,ARVEE,Pharmaceuticals - Indian - Formulations
BLISS GVS PHARMA LTD.,BLISSGVS,Pharmaceuticals - Indian - Formulations
AJANTA PHARMA LTD.,AJANTPHARM,Pharmaceuticals - Indian - Formulations
LINCOLN PHARMACEUTICALS LTD.,LINCOLN,Pharmaceuticals - Indian - Formulations
SHUKRA PHARMACEUTICALS LTD,SHUKRAPHAR,Pharmaceuticals - Indian - Formulations
BDH INDUSTRIES LTD.,BDH,Pharmaceuticals - Indian - Formulations
PHARMAIDS PHARMACEUTICALS LTD.,PHARMAID,Pharmaceuticals - Indian - Formulations
JENBURKT PHARMACEUTICALS LTD.,JENBURPH,Pharmaceuticals - Indian - Formulations
CAPLIN POINT LABORATORIES LTD.,CAPLIPOINT,Pharmaceuticals - Indian - Formulations
CORAL LABORATORIES LTD.,CORALAB,Pharmaceuticals - Indian - Formulations
ZIM LABORATORIES LTD,ZIMLAB,Pharmaceuticals - Indian - Formulations
BAFNA PHARMACEUTICALS LTD.,BAFNAPH,Pharmaceuticals - Indian - Formulations
ZENOTECH LABORATORIES LTD.,ZENOTECH,Pharmaceuticals - Indian - Formulations
ZENITH HEALTH CARE LTD.,ZENITHHE,Pharmaceuticals - Indian - Formulations
VENUS REMEDIES LTD.,VENUSREM,Pharmaceuticals - Indian - Formulations
COLINZ LABORATORIES LTD.,COLINZ,Pharmaceuticals - Indian - Formulations
VISTA PHARMACEUTICALS LTD.,VISTAPH,Pharmaceuticals - Indian - Formulations
UNJHA FORMULATIONS LTD.,UNJHAFOR,Pharmaceuticals - Indian - Formulations
ALBERT DAVID LTD.,ALBERTDAVD,Pharmaceuticals - Indian - Formulations
MAKERS LABORATORIES LTD.,MAKERSL,Pharmaceuticals - Indian - Formulations
ERIS LIFESCIENCES LTD,ERIS,Pharmaceuticals - Indian - Formulations
NOVARTIS INDIA LTD.,NOVARTIND,Pharmaceuticals - Multinational
ABBOTT INDIA LTD.,ABBOTINDIA,Pharmaceuticals - Multinational
GLAXOSMITHKLINE PHARMACEUTICALS LTD.,GLAXO,Pharmaceuticals - Multinational
SANOFI INDIA LTD,SANOFI,Pharmaceuticals - Multinational
PFIZER LTD.,PFIZER,Pharmaceuticals - Multinational
ASTRAZENECA PHARMA INDIA LTD.,ASTRAZEN,Pharmaceuticals - Multinational
PROCTER & GAMBLE HEALTH LTD,PGHL,Pharmaceuticals - Multinational
EVOQ REMEDIES LIMITED,EVOQ,"Pharmaceuticals, API"
UNIVERSUS PHOTO IMAGINGS LTD,UNIVPHOTO,Photographic And Allied Products
Essen Speciality Films Ltd,ESFL,Plastic Products - Consumer
Technopack Polymers Ltd,TECHNOPACK,Plastic Products - Consumer
Shri Techtex Ltd,SHRITECH,Plastic Products - Industrial
Amerise Biosciences Ltd,AMERISE,Plastic Products - Industrial
AVRO INDIA,AVROIND,Plastics Products
MOLD-TEK PACKAGING LIMITED,MOLDTKPAC,Plastics Products
SHISH INDUSTRIES LTD,SHISHIND,Plastics Products
VIKAS ECOTECH LTD,VIKASECO,Plastics Products
INNOCORP LTD.,INNOCORP,Plastics Products
MITSU CHEM PLAST LTD,MITSU,Plastics Products
PRINCE PIPES AND FITTINGS LTD,PRINCEPIPE,Plastics Products
POLYLINK POLYMERS (INDIA) LTD.,POLYLINK,Plastics Products
WIM PLAST LTD.,WIMPLAST,Plastics Products
SRI KPR INDUSTRIES LTD.,SRIKPRIND,Plastics Products
KUNSTSTOFFE INDUSTRIES LTD.,KUNSTOFF,Plastics Products
APOLLO PIPES LTD,APOLLOPIPE,Plastics Products
PRAKASH PIPES LTD,PPL,Plastics Products
SHAILY ENGINEERING PLASTICS LTD.,SHAILY,Plastics Products
PEARL POLYMERS LTD.,PEARLPOLY,Plastics Products
KINGFA SCIENCE & TECHNOLOGY (INDIA) LTD,KINGFA,Plastics Products
ARROW GREENTECH LTD,ARROWGREEN,Plastics Products
DEEP POLYMERS LTD,DEEP,Plastics Products
ANKA INDIA LTD.,ANKIN,Plastics Products
ASTRAL LTD,ASTRAL,Plastics Products
NILKAMAL LTD.,NILKAMAL,Plastics Products
CAPTAIN PIPES LTD,CAPPIPES,Plastics Products
KKALPANA INDUSTRIES (INDIA) LTD,KKALPANAIND,Plastics Products
RESPONSIVE INDUSTRIES LTD.,RESPONIND,Plastics Products
TEXMO PIPES & PRODUCTS LTD.,TEXMOPIPES,Plastics Products
FINOLEX INDUSTRIES LTD.,FINPIPE,Plastics Products
MPL PLASTICS LIMITED,MPL,Plastics Products
G M POLYPLAST LTD,GMPL,Plastics Products
MULTIBASE INDIA LTD.,MULTIBASE,Plastics Products
SUPREME INDUSTRIES LTD.,SUPREMEIND,Plastics Products
XPRO INDIA LTD.,XPROINDIA,Plastics Products
DUTRON POLYMERS LTD.,DUTRON,Plastics Products
JAUSS POLYMERS LTD.,JAUSPOL,Plastics Products
JASCH INDUSTRIES LTD.,JASCH,Plastics Products
JAI CORP LTD.,JAICORPLTD,Plastics Products
TOKYO PLAST INTERNATIONAL LTD.,TOKYOPLAST,Plastics Products
RUNGTA IRRIGATION LTD.,RUNGTAIR,Plastics Products
MAYUR UNIQUOTERS LTD.,MAYURUNIQ,Plastics Products
KRITI INDUSTRIES (INDIA) LTD.,KRITI,Plastics Products
PREMIER POLYFILM LTD.,PREMIERPOL,Plastics Products
MAHINDRA EPC IRRIGATION LTD,MAHEPC,Plastics Products
VINYOFLEX LTD.,VINYOFL,Plastics Products
JSW Infrastructure Ltd,JSWINFRA,Port & Port services
K.P. ENERGY LTD,KPEL,Power Generation And Supply
KKV AGRO POWERS,KKVAPOW,Power Generation And Supply
INDOWIND ENERGY LTD.,INDOWIND,Power Generation And Supply
KARMA ENERGY LTD.,KARMAENG,Power Generation And Supply
SOLEX ENERGY,SOLEX,Power Generation And Supply
ADANI TRANSMISSION LTD,ADANITRANS,Power Generation And Supply
RATTANINDIA ENTERPRISES LTD,RTNINDIA,Power Generation And Supply
GITA RENEWABLE ENERGY LTD,GITARENEW,Power Generation And Supply
INDIA POWER CORP,DPSCLTD,Power Generation And Supply
Encode Packaging India Ltd,ENCODE,Print Media
ANTARCTICA LTD.,ANTARTICL,Printing & Stationery
S CHAND AND COMPANY LTD,SCHAND,Printing & Stationery
DJ MEDIAPRINT & LOGISTICS LTD,DJML,Printing & Stationery
REPRO INDIA LTD.,REPRO,Printing & Stationery
KAISER CORPORATION LIMITED,KACL,Printing & Stationery
MPS LTD.,MPSLTD,Printing & Stationery
Linc Ltd,LINC,Printing & Stationery
GALA GLOBAL PRODUCTS LTD,GGPL,Printing & Stationery
KOKUYO CAMLIN LTD.,KOKUYOCMLN,Printing & Stationery
NAVNEET EDUCATION LIMITED,NAVNETEDUL,Printing & Stationery
SHAKTI PUMPS (INDIA) LTD.,SHAKTIPUMP,Pumps
ADARSH PLANT PROTECT LTD.,ADARSHPL,Pumps
KIRLOSKAR BROTHERS LTD.,KIRLOSBROS,Pumps
ROTO PUMPS LTD.,ROTO,Pumps
KSB LTD,KSB,Pumps
WPIL LTD.,WPIL,Pumps
BRIGHT SOLAR,BRIGHT,Pumps
Titagarh Rail Systems Ltd,TITAGARH,Railway Wans
NEXUS SELECT TRUST,NXST,Real Estate Investment Trusts (REITs)
Manas Properties Ltd,MANAS,Realty
RADHE DEVELOPERS (INDIA) LTD,RADHEDE,Realty
NICCO PARKS & RESORTS LTD.,NICCOPAR,Recreation / Amusement Parks
IMAGICAAWORLD ENTERTAINMENT LTD,IMAGICAA,Recreation / Amusement Parks
WONDERLA HOLIDAYS LTD,WONDERLA,Recreation / Amusement Parks
RELIANCE INDUSTRIES LTD.,RELIANCE,Refineries
RHI MAGNESITA INDIA LTD,RHIM,Refractories / Intermediates
MORGANITE CRUCIBLE (INDIA) LTD.,MORGANITE,Refractories / Intermediates
VESUVIUS INDIA LTD.,VESUVIUS,Refractories / Intermediates
IFGL REFRACTORIES LTD,IFGLEXPOR,Refractories / Intermediates
Keystone Realtors Ltd,RUSTOMJEE,"Residential, Commercial Projects"
SVS Ventures Ltd,SVS,"Residential, Commercial Projects"
SignatureGlobal India Ltd,SIGNATURE,"Residential, Commercial Projects"
Navkar Urbanstructure Ltd,NAVKAR,"Residential, Commercial Projects"
ETT Ltd,ETT,"Residential, Commercial Projects"
Sapphire Foods India Ltd,SAPPHIRE,Restaurants
Pentagon Rubber Ltd,PENTAGON,Rubber
Gayatri Rubbers and Chemicals Ltd.,GRCL,Rubber
Lead Reclaim and Rubber Products Ltd,LRRPL,Rubber
Nupur Recyclers Limited,NRL,Services
WinPro Industries Limited,WINPRO,Services
DUDIGITAL GLOBAL LIMITED,DUGLOBAL,Services
Delhivery Limited,DELHIVERY,Services
SEAMEC LTD.,SEAMECLTD,Shipping
CHOWGULE STEAMSHIPS LTD.,CHOWGULSTM,Shipping
ARVIND AND COMPANY SHIPPING AGENCIES LIMITED,ACSAL,Shipping
NETTLINX LTD.,NETTLINX,Software Products
NK INDUSTRIES LTD.,NKIND,Solvent Extraction
KRITI NUTRIENTS LTD,KRITINUT,Solvent Extraction
AMBAR PROTEIN INDUSTRIES LTD,AMBARPIL,Solvent Extraction
VIJAY SOLVEX LTD.,VIJSOLX,Solvent Extraction
SARDA PROTEINS LTD.,SRDAPRT,Solvent Extraction
NATURAL BIOCON (INDIA) LTD,NATURAL,Solvent Extraction
RUCHI SOYA INDUSTRIES LTD.,RUCHI,Solvent Extraction
POONA DAL & OIL INDUSTRIES LTD.,POONADAL,Solvent Extraction
SHREE RAM PROTI.,SRPL,Solvent Extraction
RAJ OIL MILLS LTD.,RAJOIL,Solvent Extraction
GUJARAT AMBUJA EXPORTS LTD.,GAEL,Solvent Extraction
AGRO TECH FOODS LTD.,ATFL,Solvent Extraction
MANORAMA INDUSTRIES LTD,MANORAMA,Solvent Extraction
PRIMA INDUSTRIES LTD.,PRIMAIN,Solvent Extraction
AVT NATURAL PRODUCTS LTD.,AVTNPL,Solvent Extraction
CMS Info Systems Ltd,CMSINFO,Sp.Consumer Services
Sai Silks (Kalamandir) Ltd,KALAMANDIR,Speciality Retail
Bhatia Colour Chem Ltd,BCCL,Specialty Chemicals
HP Adhesives Ltd,HPAL,Specialty Chemicals
Vital Chemtech Ltd,VITAL,Specialty Chemicals
Archean Chemical Industries Ltd,ACI,Specialty Chemicals
Vedant Fashions Ltd,MANYAVAR,Specialty Retail
Chaman Metallics Ltd,CMNL,Sponge Iron
Alkosign Ltd,ALKOSIGN,Stationary
Flair Writing Industries,FLAIR,Stationary
SURYA ROSHNI LTD.,SURYAROSNI,Steel - Large
APL APOLLO TUBES LTD.,APLAPOLLO,Steel - Large
ISMT LTD.,ISMTLTD,Steel - Medium / Small
SHYAM METALICS AND ENERGY LTD,SHYAMMETL,Steel - Medium / Small
MAN INDUSTRIES (INDIA) LTD.,MANINDS,Steel - Medium / Small
MODERN STEELS LTD.,MDRNSTL,Steel - Medium / Small
SUPERSHAKTI METALIKS LTD,SUPERSHAKT,Steel - Medium / Small
RATNAMANI METALS & TUBES LTD.,RATNAMANI,Steel - Medium / Small
MAHARASHTRA SEAMLESS LTD.,MAHSEAMLES,Steel - Medium / Small
GUJARAT INTRUX LTD.,GUJINTRX,Steel - Medium / Small
BAJAJ STEEL INDUSTRIES LTD.,BAJAJST,Steel - Medium / Small
BHARAT WIRE ROPES LTD,BHARATWIRE,Steel - Medium / Small
NARAYANI STEELS LTD,NARAYANI,Steel - Medium / Small
MANAKSIA STEELS LTD,MANAKSTEEL,Steel - Medium / Small
VARDHMAN SPECIAL STEELS LTD.,VSSL,Steel - Medium / Small
KRITIKA WIRES,KRITIKA,Steel - Medium / Small
SHRI BAJRANG ALLIANCE LTD,SHBAJRG,Steel - Medium / Small
BOMBAY WIRE ROPES LTD.,BOMBWIR,Steel - Medium / Small
NATIONAL GENERAL INDUSTRIES LTD.,NATGENI,Steel - Medium / Small
KALYANI STEELS LTD.,KSL,Steel - Medium / Small
PANCHMAHAL STEEL LTD.,PANCHMAHQ,Steel - Medium / Small
BEEKAY STEEL INDUSTRIES LTD,BEEKAY,Steel - Medium / Small
GARG FURNACE LTD.,GARGFUR,Steel - Medium / Small
SHREE STEEL WIRE ROPES LTD.,SSWRL,Steel - Medium / Small
INDIAN BRIGHT STEEL CO.LTD.,IBRIGST,Steel - Medium / Small
RAJRATAN GLOBAL WIRE LTD.,RAJRATAN,Steel - Medium / Small
RAGHAV PRODUCTIVITY ENHANCERS LTD,RPEL,Steel - Medium / Small
LLOYDS STEELS INDUSTRIES LTD,LSIL,Steel - Medium / Small
BMW INDUSTRIES LTD,BMW,Steel - Medium / Small
RISHABH DIGHA STEEL & ALLIED PRODUCTS LTD.,RISHDIGA,Steel - Medium / Small
BANSAL ROOFING PRODUCTS LTD,BRPL,Steel - Medium / Small
GANDHI SPECIAL TUBES LTD.,GANDHITUBE,Steel - Medium / Small
GODAWARI POWER & ISPAT LTD.,GPIL,Steel - Medium / Small
METAL COATINGS (INDIA) LTD.,METALCO,Steel - Medium / Small
JTL INFRA LTD.,JTLINFRA,Steel - Medium / Small
GRAND FOUNDRY LTD.,GRANDFONRY,Steel - Medium / Small
D P WIRES,DPWIRES,Steel - Medium / Small
TECHNOCRAFT INDUSTRIES (INDIA) LTD.,TIIL,Steel - Medium / Small
RAMA STEEL TUBES LTD,RAMASTEEL,Steel - Medium / Small
SURANI STEEL TUB,SURANI,Steel - Medium / Small
MISHRA DHATU NIGAM LTD,MIDHANI,Steel - Medium / Small
APOLLO TRICOAT TUBES LTD,APOLLOTRI,Steel - Medium / Small
KAMDHENU LTD,KAMDHENU,Steel - Medium / Small
AHLADA ENGINEERS,AHLADA,Steel - Medium / Small
KIRLOSKAR FERROUS INDUSTRIES LTD.,KIRLFER,Steel - Pig Iron
TATA METALIKS LTD.,TATAMETALI,Steel - Pig Iron
GALLANTT ISPAT LTD.,GALLISPAT,Steel - Sponge Iron
CHENNAI FERROUS INDUSTRIES LTD,CHENFERRO,Steel - Sponge Iron
JINDAL STEEL & POWER LTD.,JINDALSTEL,Steel - Sponge Iron
LLOYDS METALS AND ENERGY LTD.,LLOYDSME,Steel - Sponge Iron
DHAMPURE SPECIALITY SUGARS LTD.,DHAMPURE,Sugar
E.I.D.-PARRY (INDIA) LTD.,EIDPARRY,Sugar
DWARIKESH SUGAR INDUSTRIES LTD.,DWARKESH,Sugar
PONNI SUGARS (ERODE) LTD.,PONNIERODE,Sugar
KOTHARI SUGARS & CHEMICALS LTD.,KOTHARIS,Sugar
COASTAL ROADWAYS LTD.,COARO,Surface Transportation
TATA COFFEE LTD.,TATACOFFEE,Tea
CCL PRODUCTS (INDIA) LTD.,CCL,Tea
UNITED NILGIRI,UNITEDTEA,Tea
GROB TEA CO,GROBTEA,Tea
GOODRICKE GROUP LTD.,GOODRICKE,Tea
TATA CONSUMER PRODUCTS LTD,TATACONSUM,Tea
WARREN TEA LTD.,WARRENTEA,Tea
ROSSELL INDIA LTD.,ROSSELLIND,Tea
TYROON TEA CO.LTD.,TYROON,Tea
NEELAMALAI AGRO INDUSTRIES LTD.,NEAGI,Tea
JAMES WARREN TEA LTD,JAMESWARREN,Tea
Retro Green Revolution Ltd,RGRL,Tea & Coffee
Black Box Limited,BBOX,Technologu
MIC Electronics Limited,MICEL,Technology
FROG CELLSAT LIMITED,FROG,Telecom - Equipment & Accessories
Kore Digital Ltd,KDL,Telecom - Infrastructure
Sar Televenture Ltd,SARTELE,Telecom - Infrastructure
AISHWARYA TECHNOLOGIES AND TELECOM LTD,AISHWARYA,Telecommunications - Equipment
KAVVERI TELECOM PRODUCTS LTD.,KAVVERITEL,Telecommunications - Equipment
DIGISPICE TECHNOLOGIES LTD,DIGISPICE,Telecommunications - Equipment
PRABHAT TECHNOLOGIES (INDIA) LTD,PTIL,Telecommunications - Equipment
AVANTEL LTD.,AVANTEL,Telecommunications - Equipment
ASTRA MICROWAVE PRODUCTS LTD.,ASTRAMICRO,Telecommunications - Equipment
OLECTRA GREENTECH LTD,OLECTRA,Telecommunications - Equipment
NELCO LTD.,NELCO,Telecommunications - Equipment
ADC INDIA COMMUNICATIONS LIMITED,ADCINDIA,Telecommunications - Equipment
TATA COMMUNICATIONS LTD.,TATACOMM,Telecommunications - Service Provider
RAILTEL CORPORATION OF INDIA LTD,RAILTEL,Telecommunications - Service Provider
UNIINFO TELECOM,UNIINFO,Telecommunications - Service Provider
Integra Essentia Ltd,ESSENTIA,Textile
INTEGRA ENGINEERING INDIA LTD.,INTEGRAEN,Textile Machinery
STOVEC INDUSTRIES LTD.,STOVACQ,Textile Machinery
MEERA INDUSTRIES LTD,MEERA,Textile Machinery
HINDOOSTAN MILLS LTD.,HINDMILL,Textile Machinery
INDIAN CARD CLOTHING CO.LTD.,INDIANCARD,Textile Machinery
LAKSHMI AUTOMATIC LOOM WORKS LTD.,LXMIATO,Textile Machinery
RRIL LTD,RRIL,Textile Machinery
LAKSHMI MACHINE WORKS LTD.,LAXMIMACH,Textile Machinery
AMRAWORLD AGRICO LTD.,AMRAAGRI,Textiles
BENGAL TEA & FABRICS LTD.,BENGALT,Textiles - Composite
MAFATLAL INDUSTRIES LTD.,MAFATIND,Textiles - Composite
LUX INDUSTRIES LTD,LUXIND,Textiles - Composite
AKSHAR SPINTEX LTD,AKSHAR,Textiles - Cotton/Blended
INDO COTSPIN LTD,ICL,Textiles - Cotton/Blended
INDO COUNT INDUSTRIES LTD.,ICIL,Textiles - Cotton/Blended
HIMACHAL FIBRES LTD.,HIMFIBP,Textiles - Cotton/Blended
KATARE SPINNING MILLS LTD.,KATRSPG,Textiles - Cotton/Blended
AMBIKA COTTON MILLS LTD.,AMBIKCO,Textiles - Cotton/Blended
CHITRADURGA SPINTEX LTD.,CHITRTX,Textiles - Cotton/Blended
PBM POLYTEX LTD.,PBMPOLY,Textiles - Cotton/Blended
VARDHMAN TEXTILES LTD.,VTL,Textiles - Cotton/Blended
SUPER SALES INDIA LTD.,SUPER,Textiles - Cotton/Blended
HISAR SPINNING MILLS LTD.,HISARSP,Textiles - Cotton/Blended
GEM SPINNERS INDIA LTD.,GEMSPIN,Textiles - Cotton/Blended
SIMPLEX MILLS COMPANY LTD.,SIMPLXMIL,Textiles - Cotton/Blended
DCM NOUVELLE LTD,DCMNVL,Textiles - Cotton/Blended
ALKA INDIA LTD.,ALKA,Textiles - Cotton/Blended
ASHIMA LTD.,ASHIMASYN,Textiles - Cotton/Blended
DHANALAXMI ROTO SPINNERS LTD.,DHANROTO,Textiles - Cotton/Blended
GLOSTER LTD,GLOSTERLTD,Textiles - Jute - Yarn / Products
CHEVIOT CO.LTD.,CHEVIOT,Textiles - Jute - Yarn / Products
SHEELA FOAM LTD,SFL,Textiles - Jute - Yarn / Products
ZENITH FIBRES LTD.,ZENIFIB,Textiles - Manmade
SRF LTD.,SRF,Textiles - Manmade
VARDHMAN ACRYLIC,VARDHACRLC,Textiles - Manmade
CENTURY ENKA LTD.,CENTENKA,Textiles - Manmade
FILATEX INDIA LTD.,FILATEX,Textiles - Manmade
NIBE LTD,NIBE,Textiles - Manmade
PASUPATI ACRYLON LTD.,PASUPTAC,Textiles - Manmade
CIL NOVA PETROCHEMICALS LTD.,CNOVAPETRO,Textiles - Manmade
INDO RAMA SYNTHETICS (INDIA) LTD.,INDORAMA,Textiles - Manmade
VERA SYNTHETIC,VERA,Textiles - Manmade
LORENZINI APPARELS LTD,LAL,Textiles - Processing
SIYARAM SILK MILLS LTD.,SIYSIL,Textiles - Processing
PREMCO GLOBAL LTD.,PREMCO,Textiles - Processing
WEIZMANN LTD.,WEIZMANIND,Textiles - Processing
VTM LTD.,VTMLTD,Textiles - Processing
ORBIT EXPORTS LTD.,ORBTEXP,Textiles - Processing
ONE GLOBAL SERVICE PROVIDER LTD,ONEGLOBAL,Textiles - Processing
BETEX INDIA LTD.,BETXIND,Textiles - Processing
SANRHEA TECHNICAL TEXTILES LTD.,SANTETX,Textiles - Processing
FAZE THREE AUTOFAB LTD,FAZE3AUTO,Textiles - Processing
DHANLAXMI FABRICS LTD.,DHANFAB,Textiles - Processing
BLUE CHIP TEX INDUSTRIES LTD.,BLUECHIPT,Textiles - Processing
FAZE THREE LTD.,FAZE3Q,Textiles - Processing
RAGHUVIR SYNTHETICS LTD.,RAGHUSYN,Textiles - Processing
TRIDENT LTD.,TRIDENT,Textiles - Products
AXITA COTTON LTD,AXITA,Textiles - Products
PRITI INTERNATI.,PRITI,Textiles - Products
IRIS CLOTHINGS,IRISDOREME,Textiles - Products
ADITYA BIRLA FASHION AND RETAIL LTD,ABFRL,Textiles - Products
MALLCOM (INDIA) LTD,MALLCOM,Textiles - Products
FIBERWEB (INDIA) LTD.,FIBERWEB,Textiles - Products
WELSPUN INDIA LTD.,WELSPUNIND,Textiles - Products
SHUBHAM POLYSPIN LTD,SHUBHAM,Textiles - Products
SHRI DINESH MILLS LTD.,SHRIDINE,Textiles - Products
SKY INDUSTRIES LTD.,SKYIND,Textiles - Products
CANTABIL RETAIL INDIA LTD.,CANTABIL,Textiles - Products
GARWARE TECHNICAL FIBRES LTD,GARFIBRES,Textiles - Products
LOVABLE LINGERIE LTD.,LOVABLE,Textiles - Products
LIBAS CONSUMER,LIBAS,Textiles - Products
SP APPARELS LTD,SPAL,Textiles - Products
SPL INDUSTRIES LTD.,SPLIL,Textiles - Products
MITTAL LIFE STYL,MITTAL,Textiles - Products
MK EXIM (INDIA) LTD,MKEXIM,Textiles - Products
BELLA CASA FASHION & RETAIL LTD,BELLACASA,Textiles - Products
NANDANI CREATION,JAIPURKURT,Textiles - Products
KITEX GARMENTS LTD.,KITEX,Textiles - Products
SUDITI INDUSTRIES LTD.,SUDTIND-B,Textiles - Products
K.P.R. MILL LIMITED,KPRMILL,Textiles - Products
FILATEX FASHIONS LTD.,FILATFASH,Textiles - Products
PAGE INDUSTRIES LTD.,PAGEIND,Textiles - Products
DOLLAR INDUSTRIES LTD,DOLLAR,Textiles - Products
OSIAJEE TEXFAB LTD,OSIAJEE,Textiles - Products
ZODIAC CLOTHING CO.LTD.,ZODIACLOTH,Textiles - Products
VIRAT INDUSTRIES LTD.,VIRAT,Textiles - Products
JINDAL WORLDWIDE LTD.,JINDWORLD,Textiles - Products
THE MANDHANA RETAIL VENTURES LTD,TMRVL,Textiles - Products
BHILWARA TECHNICAL TEXTILES LTD.,BTTL,Textiles - Products
ZENITH EXPORTS LTD.,ZENITHEXPO,Textiles - Products
GOKALDAS EXPORTS LTD.,GOKEX,Textiles - Products
KEWAL KIRAN CLOTHING LTD.,KKCL,Textiles - Products
RUPA & COMPANY LTD.,RUPA,Textiles - Products
TCNS CLOTHING CO. LTD,TCNSBRANDS,Textiles - Products
DEEPAK SPINNERS LTD.,DEEPAKSP,Textiles - Spinning - Synthetic / Blended
SWASTI VINAYAKA SYNTHETICS LTD.,SWASTIVI,Textiles - Spinning - Synthetic / Blended
SPORTKING INDIA LTD,SPORTKING,Textiles - Spinning - Synthetic / Blended
SHIVA MILLS LTD,SHIVAMILLS,Textiles - Spinning - Synthetic / Blended
APM INDUSTRIES LTD.,APMIN,Textiles - Spinning - Synthetic / Blended
LAKHOTIA POLYESTERS (INDIA) LTD.,LAKHOTIA,Textiles - Spinning - Synthetic / Blended
SARLA PERFORMANCE FIBERS LTD.,SARLAPOLY,Textiles - Spinning - Synthetic / Blended
ADINATH TEXTILES LTD.,ADINATH,Textiles - Spinning - Synthetic / Blended
Meyer Apparel Ltd,MAL,"Textiles, Apparels & Accessories"
SUBHASH SILK MILLS LTD.,SUBSM,"Textiles, Apparels & Accessories"
BALAXI PHARMA,BALAXI,Trading
HARDWYN INDIA LTD,HARDWYN,Trading
EMPOWER INDIA LTD.,EMPOWER,Trading
EDYNAMICS SOLUTIONS LTD.,EDSL,Trading
ZENLABS ETHICA LTD,ZENLABS,Trading
FORTUNE INTERNATIONAL LTD.,FORINTL,Trading
YASH CHEMEX LTD,YASHCHEM,Trading
YARN SYNDICATE LTD.,YARNSYN,Trading
WORLDWIDE ALUMINIUM LTD,WWALUM,Trading
WHITE ORGANIC RETAIL LTD,WORL,Trading
WHITE ORGANIC AGRO LTD,WHITEORG,Trading
HEMANG RESOURCES LTD,HEMANG,Trading
3M INDIA LTD.,3MINDIA,Trading
A.F. ENTERPRISES LTD,AFEL,Trading
W.H.BRADY & CO.LTD.,WHBRADY,Trading
AA PLUS TRADELINK LTD,AAPLUSTRAD,Trading
V-MART RETAIL LTD.,VMART,Trading
VIVID MERCANTILE LTD,VIVIDM,Trading
VIVANZA BIOSCIENCES LTD,VIVANZA,Trading
VISAGAR POLYTEX LTD.,VIVIDHA,Trading
VINYL CHEMICALS (INDIA) LTD.,VINYLINDIA,Trading
VIKAS LIFECARE LTD,VIKASLIFE,Trading
7NR RETAIL LTD,7NR,Trading
VCU DATA MANAGEMENT LTD,VCU,Trading
SUN RETAIL LTD,SUNRETAIL,Trading
Vaxfab Enterprises Ltd,VEL,Trading
BLACK ROSE INDUSTRIES LTD.,BLACKROSE,Trading
SAKUMA EXPORTS LTD.,SAKUMA,Trading
MYSTIC ELECTRONICS LTD,MYSTICELE,Trading
MULLER & PHIPPS (INDIA) LTD.,MULLER,Trading
MSTC LTD,MSTCLTD,Trading
MRP AGRO LTD,MRP,Trading
SARTHAK INDUSTRIES LTD.,SARTHAKIND,Trading
SAT INDUSTRIES LTD.,SATINDLTD,Trading
Arman Holdings Ltd.,ARMAN,Trading
BRAND CONCEPTS,BCONCEPTS,Trading
SBC EXPORTS LTD,SBC,Trading
SEACOAST SHIPPING SERVICES LTD,SEACOAST,Trading
SHANKAR LAL RAMPAL DYE-CHEM LTD,SRD,Trading
SHANKARA BUILDING PRODUCTS LTD,SHANKARA,Trading
MITSHI INDIA LTD,MITSHI,Trading
SHARIKA ENTERPRISES LTD,SHARIKA,Trading
SHINE FASHIONS (INDIA) LTD,SHINEFASH,Trading
MEDICO INTERCONTINENTAL LTD,MIL,Trading
SHREE GLOBAL TRADEFIN LTD.,SHRGLTR,Trading
MAYUKH DEALTRADE LTD,MAYUKH,Trading
MAXIMUS INTERNATIONAL LTD,MAXIMUS,Trading
SHUBHLAXMI JEWEL,SHUBHLAXMI,Trading
SIDDHIKA COATINS,SIDDHIKA,Trading
SIRCA PAINTS,SIRCA,Trading
VAXTEX COTFAB,VCL,Trading
BHATIA COMMUNICATIONS & RETAIL (INDIA) LTD,BHATIA,Trading
RONI HOUSEHOLDS LTD,RONI,Trading
NIRAV COMMERCIALS LTD.,NIRAVCOM,Trading
NIVAKA FASHIONS LTD,NIVAKA,Trading
PRIME FRESH LTD,PRIMEFRESH,Trading
PRISM MEDICO AND PHARMACY LTD.,PRISMMEDI,Trading
PROSEED INDIA LTD,PROSEED,Trading
POLO QUEEN INDUSTRIAL AND FINTECH LTD,PQIF,Trading
AXTEL INDUSTRIES LTD.,AXTEL,Trading
QUINT DIGITAL MEDIA LTD,QUINT,Trading
AVIVA INDUSTRIES LTD.,AVIVA,Trading
AVI PRODUCTS INDIA LTD,APIL,Trading
RACE ECO CHAIN LTD,RACE,Trading
RADHAGOBIND COMMERCIAL LTD,RCL,Trading
PAZEL INTERNATIONAL LTD,PAZEL,Trading
BEEYU OVERSEAS LTD.,BEEYU,Trading
CARTRADE TECH LTD,CARTRADE,Trading
PANTH INFINITY LTD,PANTH,Trading
RAJNANDINI METAL,RAJMET,Trading
RAJNISH WELLNESS LTD,RAJNISH,Trading
PALM JEWELS LTD,PALMJEWELS,Trading
OZONE WORLD LTD,OZONEWORLD,Trading
RANGOLI TRADECOMM LTD,RTL,Trading
OSIA HYPER RETA.,OSIAHYPER,Trading
OPTIEMUS INFRACOM LTD,OPTIEMUS,Trading
RAVINDRA ENERGY LTD,RELTD,Trading
REDINGTON (INDIA) LTD.,REDINGTON,Trading
REMEDIUM LIFECARE LTD,REMLIFE,Trading
NURECA LTD,NURECA,Trading
RISA INTERNATIONAL LTD.,RISAINTL,Trading
AVENUE SUPERMARTS LTD,DMART,Trading
SOMANY HOME INNOVATION LTD,SHIL,Trading
MAHARASHTRA CORPORATION LTD.,MAHACORP,Trading
CRAVATEX LTD.,CRAVATEX,Trading
AEGIS LOGISTICS LTD.,AEGISCHEM,Trading
SPACEAGE PRODUCTS LTD,SPACEAGE,Trading
ADVITIYA TRADE INDIA LTD,ADVITIYA,Trading
TINNA RUBBER AND INFRASTRUCTURE LIMITED,TINNARUBR,Trading
TIRUPATI TYRES LTD,TTIL,Trading
J L MORISON (INDIA) LTD.,JLMORI,Trading
ISTREET NETWORK LIMITED,ISTRNETWK,Trading
TRENT LTD.,TRENT,Trading
ADITYA CONSUMER MARKETING LTD,ACML,Trading
TRIVENI ENTERPRISES LTD,TRIVENIENT,Trading
INDOVATION TECHNOLOGIES LTD.,INDOVATION,Trading
ADD-SHOP ERETAIL LTD,ASRL,Trading
INDO US BIO-TECH LTD,INDOUS,Trading
UNIVERSAL OFFICE AUTOMATION LTD.,UNIOFFICE,Trading
ADANI ENTERPRISES LTD.,ADANIENT,Trading
URJA GLOBAL LTD.,URJA,Trading
ICL ORGANIC DAIRY PRODUCTS LTD,ICLORGANIC,Trading
VADILAL ENTERPRISES LTD.,VADILENT,Trading
HIT KIT GLOBAL SOLUTIONS LTD.,HITKITGLO,Trading
VAISHALI PHARMA,VAISHALI,Trading
VAKSONS AUTOMOBILES LTD,VAL,Trading
ACE MEN ENGG WORKS LTD,ACEMEN,Trading
VAMA INDUSTRIES LTD.,VAMA,Trading
THE YAMUNA SYNDICATE LTD,YSL,Trading
CONTIL INDIA LTD.,CONTILI,Trading
ANIK INDUSTRIES LTD.,ANIKINDS,Trading
KMS MEDISURGI LTD,KMSMEDI,Trading
STANDARD INDUSTRIES LTD.,SIL,Trading
LAHOTI OVERSEAS LTD.,LAHOTIOV,Trading
STEEL EXCHANGE INDIA LTD.,STEELXIND,Trading
CHEMTECH INDUSTRIAL VALVES LTD,CHEMTECH,Trading
CHANDRA BHAGAT PHARMA LTD,CBPL,Trading
SUNCARE TRADERS LTD,SCTL,Trading
KONNDOR INDUSTRIES LTD,KONNDOR,Trading
SUPREMEX SHINE STEELS LTD,SUPREMEX,Trading
TEMBO GLOBAL,TEMBO,Trading
SVARAJ TRADING & AGENCIES LTD.,ZSVARAJT,Trading
T & I GLOBAL LTD.,TIGLOB,Trading
T.SPIRITUAL WORLD LTD.,TSPIRITUAL,Trading
STANDARD BATTERIES LTD.,STDBAT,Trading
LESHA INDUSTRIES LTD.,LESHAIND,Trading
KHEMANI DISTRIBUTORS & MARKETING LTD,KDML,Trading
KEMISTAR CORPORATION LIMITED,KEMISTAR,Trading
LE LAVOIR LTD,LELAVOIR,Trading
TAI INDUSTRIES LTD.,TAIIND,Trading
KABSONS INDUSTRIES LTD.,KABSON,Trading
AKG EXIM,AKG,Trading
BOMBAY METRICS SUPPLY CHAIN LIMITED,BMETRICS,Trading & Distributors
Goyal Aluminiums Ltd,GOYALALUM,Trading & Distributors
Rockingdeals Circular Economy Ltd,ROCKINGDCE,Trading & distributors
RAJKAMAL SYNTHETICS LTD.,RAJKSYN,Trading - Textiles
GALAXY CLOUD KITCHENS LTD,GCKL,Trading - manufacturing of food products
MRC Agrotech Ltd,MRCAGRO,Trading Companies & Distributors.
TAAL ENTERPRISES LTD,TAALENT,Transport - Airlines
THOMAS COOK (INDIA) LTD.,THOMASCOOK,Travel Agencies
INTERNATIONAL TRAVEL HOUSE LTD.,ITHL,Travel Agencies
INDIAN RAILWAY CATERING AND TOURISM CORPORATION LTD,IRCTC,Travel Agencies
TRANSCORP INTERNATIONAL LTD.,TRANSCOR,Travel Agencies
BALKRISHNA INDUSTRIES LTD.,BALKRISIND,Tyres
MRF LTD.,MRF,Tyres
DOLFIN RUBBERS LTD,DOLFIN,Tyres
GOODYEAR INDIA LTD.,GOODYEAR,Tyres
Viaz Tyres Ltd,VIAZ,Tyres & Rubber Products
Urban Enviro Waste Management Ltd,URBAN,Waste Management
Hi-Green Carbon Ltd,HIGREEN,Waste Management
LLOYDS LUXURIES LIMITED,LLOYDS,Wellness
All E Technologies Ltd,ALLETEC,
Ducol Organics & Colours Ltd,DUCOL,
Moxsh Overseas Educon Ltd,MOXSH,
NIDAN LABORATORIES AND HEALTHCARE LIMITED,NIDAN,
SUN PHARMACEUTICAL INDUSTRIES LTD.,SUNPHARMA,
Sungarner Energies Ltd,SEL,
Womancart Ltd,WOMANCART,
Shanthala FMCG Products Ltd,SHANTHALA,
Paragon Fine and Speciality Chemical Ltd,PARAGON,
